circRNA,prob,,,,,,CDR1as,1,colorectal cancer,16
hsa_circ_0000615,0.9999925,#N/A,,,,,circ0817,39,colorectal cancer,16
CDR1as,0.99977726,CDR1as,,,,,circ3204,41,colorectal cancer,16
ciRS-7,0.9997701,ciRS-7,,,,,circ6229,42,colorectal cancer,16
cZNF609,0.9995529,#N/A,,,,,circ7374,43,colorectal cancer,16
hsa_circ_0007386,0.99915016,#N/A,,,,,circ7780,44,colorectal cancer,16
circHIPK3,0.9989955,circHIPK3,,,,,circABCC,46,colorectal cancer,16
hsa_circ_0000284,0.99894613,hsa_circ_0000284,,,,,circ-BANP,52,colorectal cancer,16
mmu_circ_0001878,0.99569666,#N/A,,,,,circCCDC66,58,colorectal cancer,16
hsa_circ_0067934,0.98441875,#N/A,,,,,circHIPK3,75,colorectal cancer,16
hsa_circ_0004712,0.9838096,#N/A,,,,,circ-KLDHC10,78,colorectal cancer,16
hsa_circ_0001445,0.9759627,#N/A,,,,,circRNA0003906,142,colorectal cancer,16
circSMARCA5,0.9716897,#N/A,,,,,Cir-ITCH,205,colorectal cancer,16
circRNA9652,0.9713094,#N/A,,,,,ciRS-7,206,colorectal cancer,16
circRNA8506,0.9713037,#N/A,,,,,hsa_circ_0000069,223,colorectal cancer,16
circRNA8505,0.97126716,#N/A,,,,,hsa_circ_0000284,235,colorectal cancer,16
circRNA5669,0.9709916,#N/A,,,,,hsa_circ_0000504,238,colorectal cancer,16
circRNA904,0.97095597,#N/A,,,,,hsa_circ_0000567,245,colorectal cancer,16
circRNA7679,0.9708176,#N/A,,,,,hsa_circ_0000677,249,colorectal cancer,16
circRNA9658,0.97033274,#N/A,,,,,hsa_circ_0001141,259,colorectal cancer,16
circRNA3594,0.9700361,#N/A,,,,,hsa_circ_0001313,265,colorectal cancer,16
circRNA120,0.9698888,#N/A,,,,,hsa_circ_0001451,271,colorectal cancer,16
circRNA3341,0.96971446,#N/A,,,,,hsa_circ_0001649,276,colorectal cancer,16
circRNA378,0.969504,#N/A,,,,,hsa_circ_0001724,280,colorectal cancer,16
RBM20-dependent TTN circRNAs,0.9689141,#N/A,,,,,hsa_circ_0001946,291,colorectal cancer,16
Titin circRNAs,0.9688446,#N/A,,,,,hsa_circ_0006174,360,colorectal cancer,16
hsa_circ_0002019,0.9683903,#N/A,,,,,hsa_circ_0007006,368,colorectal cancer,16
circRNA2918,0.9679195,#N/A,,,,,hsa_circ_0007031,369,colorectal cancer,16
circRNA3707,0.9678509,#N/A,,,,,hsa_circ_0007534,373,colorectal cancer,16
circRNA167,0.96784747,#N/A,,,,,hsa_circ_0008509,382,colorectal cancer,16
hsa_circ_0001649,0.9678361,hsa_circ_0001649,,,,,hsa_circ_000984,390,colorectal cancer,16
circRNA7534,0.96734756,#N/A,,,,,hsa_circ_0014717,399,colorectal cancer,16
circRNA7674,0.9673361,#N/A,,,,,hsa_circ_001569,402,colorectal cancer,16
circRNA7673,0.96667194,#N/A,,,,,hsa_circ_001763,409,colorectal cancer,16
circRNA4628,0.9666367,#N/A,,,,,hsa_circ_001988,414,colorectal cancer,16
circRNA_100367,0.96585786,#N/A,,,,,hsa_circ_0020397,415,colorectal cancer,16
MICRA,0.96557605,#N/A,,,,,hsa_circ_0048232,461,colorectal cancer,16
circRNA_000167,0.96446764,#N/A,,,,,hsa_circ_0074930,501,colorectal cancer,16
circRNA8507,0.964364,#N/A,,,,,hsa_circ_0082333,516,colorectal cancer,16
circRNA9227,0.9629439,#N/A,,,,,hsa_circ_0084021,519,colorectal cancer,16
cTtns,0.96245193,#N/A,,,,,hsa_circRNA_103809,652,colorectal cancer,16
circRNA7536,0.9619342,#N/A,,,,,hsa_circRNA_104700,672,colorectal cancer,16
circRNA9777,0.96095264,#N/A,,,,,,,,
hsa_circ_0002161,0.9599505,#N/A,,,,,,,,
circCCDC66,0.9592799,circCCDC66,,,,,,,,
circRNA3703,0.95927364,#N/A,,,,,,,,
circRNA7535,0.95863646,#N/A,,,,,,,,
hsa_circ_0014717,0.958533,hsa_circ_0014717,,,,,,,,
circRNA_081881,0.95825344,#N/A,,,,,,,,
circRNA7675,0.9578679,#N/A,,,,,,,,
hsa_circ_0001336,0.95772153,#N/A,,,,,,,,
circRNA666,0.9575114,#N/A,,,,,,,,
circRNA9771,0.9563462,#N/A,,,,,,,,
hsa_circ_0037911,0.954612,#N/A,,,,,,,,
hsa_circ_0001946,0.95401824,hsa_circ_0001946,,,,,,,,
hsa_circ_0004519,0.9539883,#N/A,,,,,,,,
circRNA_102913,0.95370394,#N/A,,,,,,,,
circRNA7537,0.9528232,#N/A,,,,,,,,
circRNA_001059,0.9525331,#N/A,,,,,,,,
circRNA_104983,0.95174295,#N/A,,,,,,,,
hsa_circ_0089974,0.9510544,#N/A,,,,,,,,
hsa_circ_001763,0.95026684,hsa_circ_001763,,,,,,,,
circRNA0003906,0.94965,circRNA0003906,,,,,,,,
Cir-ITCH,0.9483039,Cir-ITCH,,,,,,,,
circRNA3706,0.9472276,#N/A,,,,,,,,
hsa_circ_0000554,0.94621664,#N/A,,,,,,,,
hsa_circ_0001313,0.9460942,hsa_circ_0001313,,,,,,,,
hsa_circ_0004771,0.94382745,#N/A,,,,,,,,
hsa_circ_0001141,0.94228685,hsa_circ_0001141,,,,,,,,
circRNA_101877,0.9409184,#N/A,,,,,,,,
circRNA7676,0.94019186,#N/A,,,,,,,,
hsa_circ_0006174,0.93893766,hsa_circ_0006174,,,,,,,,
hsa_circ_0007031,0.9385435,hsa_circ_0007031,,,,,,,,
hsa_circ_0001451,0.9376463,hsa_circ_0001451,,,,,,,,
circRNA_101419,0.9372472,#N/A,,,,,,,,
hsa_circ_0007006,0.93680793,hsa_circ_0007006,,,,,,,,
hsa_circ_0000567,0.93031865,hsa_circ_0000567,,,,,,,,
hsa_circ_0032832,0.9287042,#N/A,,,,,,,,
circ0817,0.92842156,circ0817,,,,,,,,
hsa_circ_0074930,0.9270936,hsa_circ_0074930,,,,,,,,
hsa_circRNA_104700,0.92691475,hsa_circRNA_104700,,,,,,,,
hsa_circ_0043497,0.92400724,#N/A,,,,,,,,
hsa_circ_0014879,0.9238079,#N/A,,,,,,,,
circ-KLDHC10,0.9228672,circ-KLDHC10,,,,,,,,
hsa_circ_0001724,0.9226527,hsa_circ_0001724,,,,,,,,
circRNA_100984,0.9220948,#N/A,,,,,,,,
hsa_circ_0008509,0.9217728,hsa_circ_0008509,,,,,,,,
hsa_circ_0048232,0.9216221,hsa_circ_0048232,,,,,,,,
circRNA_000695,0.91757256,#N/A,,,,,,,,
circ7374,0.9173833,circ7374,,,,,,,,
mmu_circRNA_19423,0.9152013,#N/A,,,,,,,,
hsa_circRNA_104296,0.91388273,#N/A,,,,,,,,
hsa_circ_0000504,0.9125609,hsa_circ_0000504,,,,,,,,
circ7780,0.91223884,circ7780,,,,,,,,
hsa_circ_0000069,0.91086435,hsa_circ_0000069,,,,,,,,
hsa_circRNA_001937,0.90984076,#N/A,,,,,,,,
circ-BANP,0.9092698,circ-BANP,,,,,,,,
hsa_circ_0000677,0.9080966,hsa_circ_0000677,,,,,,,,
hsa_circ_0030569,0.90544456,#N/A,,,,,,,,
circRNA9671,0.90535986,#N/A,,,,,,,,
rno_circRNA_010489,0.9041554,#N/A,,,,,,,,
mmu_circRNA_30664,0.9016914,#N/A,,,,,,,,
hsa_circ_0084021,0.89884514,hsa_circ_0084021,,,,,,,,
hsa_circ_0030045,0.8981392,#N/A,,,,,,,,
circ3204,0.8976911,circ3204,,,,,,,,
hsa_circRNA_100782,0.8966843,#N/A,,,,,,,,
circ6229,0.8963169,circ6229,,,,,,,,
hsa_circ_0001417,0.892606,#N/A,,,,,,,,
hsa_circ_000984,0.8922783,hsa_circ_000984,,,,,,,,
hsa_circ_001569,0.8907559,hsa_circ_001569,,,,,,,,
rno_circRNA_011426,0.8903806,#N/A,,,,,,,,
hsa_circ_0020397,0.88013923,hsa_circ_0020397,,,,,,,,
rno_circRNA_013779,0.8763971,#N/A,,,,,,,,
hsa_circRNA_009024,0.8756522,#N/A,,,,,,,,
hsa_circ_0082333,0.87339956,hsa_circ_0082333,,,,,,,,
hsa_circ_0001204 ,0.87323993,#N/A,,,,,,,,
circABCC,0.87321746,circABCC,,,,,,,,
rno_circRNA_007512,0.8704804,#N/A,,,,,,,,
mm9-circ-012559,0.8701911,#N/A,,,,,,,,
hsa_circ_001988,0.86761564,hsa_circ_001988,,,,,,,,
mmu_circ_0000254,0.8601571,#N/A,,,,,,,,
hsa_circ_0001821,0.8539859,#N/A,,,,,,,,
circPVT1,0.8524432,#N/A,,,,,,,,
rno_circRNA_005564 ,0.852188,#N/A,,,,,,,,
rno_circRNA_011111,0.8503244,#N/A,,,,,,,,
rno_circRNA_007419,0.84838957,#N/A,,,,,,,,
rno_circRNA_008646,0.8483695,#N/A,,,,,,,,
circRNA9656,0.84672517,#N/A,,,,,,,,
rno_circRNA_008973,0.8431545,#N/A,,,,,,,,
hsa_ circRNA_005086,0.84143347,#N/A,,,,,,,,
rno_circRNA_35215,0.83998656,#N/A,,,,,,,,
hsa_circRNA_104964,0.83864075,#N/A,,,,,,,,
HRCR,0.83533645,#N/A,,,,,,,,
hsa_circRNA_104268,0.82195836,#N/A,,,,,,,,
circATP2B1,0.81366944,#N/A,,,,,,,,
hsa_circRNA_101356,0.8131656,#N/A,,,,,,,,
hsa_circ_0000426,0.807278,#N/A,,,,,,,,
rno_circRNA_010913,0.80107045,#N/A,,,,,,,,
hsa_circ_000826,0.7850146,#N/A,,,,,,,,
hsa_circRNA_103307,0.78236175,#N/A,,,,,,,,
hsa_circRNA_102101,0.7777634,#N/A,,,,,,,,
hsa_circ_0000516,0.7732248,#N/A,,,,,,,,
circBC048201,0.7655165,#N/A,,,,,,,,
hsa_circRNA_103110,0.7645253,#N/A,,,,,,,,
circPTK2,0.7634844,#N/A,,,,,,,,
circUBAP2,0.76296383,#N/A,,,,,,,,
hsa_circRNA_103595,0.73625785,#N/A,,,,,,,,
circMAN2B2,0.72430515,#N/A,,,,,,,,
circRNA_102231,0.72068095,#N/A,,,,,,,,
hsa_circRNA_104433,0.7179427,#N/A,,,,,,,,
hsa_circ_0078738,0.71248496,#N/A,,,,,,,,
hsa_circ_0002111,0.71113807,#N/A,,,,,,,,
hsa_circ_0000064,0.70880693,#N/A,,,,,,,,
hsa_circ_0004458,0.7056925,#N/A,,,,,,,,
hsa_circ_0067103,0.69820327,#N/A,,,,,,,,
CircSLC8A1-1,0.6975061,#N/A,,,,,,,,
hsa_circ_0005273,0.6955345,#N/A,,,,,,,,
Chr9: 74522734,0.6952453,#N/A,,,,,,,,
hsa_circ_0079891,0.68766016,#N/A,,,,,,,,
hsa_circRNA_400064,0.68297905,#N/A,,,,,,,,
hsa_circ_0015278,0.67651147,#N/A,,,,,,,,
hsa_circRNA_104348,0.6761115,#N/A,,,,,,,,
hsa_circ_0007534,0.6759821,hsa_circ_0007534,,,,,,,,
rno_circRNA_006016,0.6726913,#N/A,,,,,,,,
hsa_circ_0081342,0.6705032,#N/A,,,,,,,,
hsa_circ_0092315,0.67033935,#N/A,,,,,,,,
hsa_circ_001598,0.6698176,#N/A,,,,,,,,
hsa_circRNA_104595,0.6656572,#N/A,,,,,,,,
hsa_circ_0082582,0.6605756,#N/A,,,,,,,,
hsa_circRNA_004183,0.65172225,#N/A,,,,,,,,
hsa_circRNA_103454,0.65098256,#N/A,,,,,,,,
hsa_circRNA_001379,0.6463119,#N/A,,,,,,,,
circRNA BCRC4,0.64511037,#N/A,,,,,,,,
hsa_circ_0002024,0.63501865,#N/A,,,,,,,,
hsa_circ_0041103,0.6300297,#N/A,,,,,,,,
hsa_circ_0005870,0.62855667,#N/A,,,,,,,,
circRNA-MYLK,0.6241045,#N/A,,,,,,,,
hsa_circ_0002768,0.62370086,#N/A,,,,,,,,
hsa_circRNA_104565,0.62297785,#N/A,,,,,,,,
circFAM169A,0.61883974,#N/A,,,,,,,,
hsa_circ_0003505,0.61288863,#N/A,,,,,,,,
hsa_circ_0003221,0.611876,#N/A,,,,,,,,
hsa_circRNA_000367,0.60682476,#N/A,,,,,,,,
hsa_circ_0072088,0.6057596,#N/A,,,,,,,,
hsa_circRNA_102002,0.6057104,#N/A,,,,,,,,
hsa_circ_0061265,0.6003814,#N/A,,,,,,,,
hsa_circ_0003570,0.58847654,#N/A,,,,,,,,
hsa_circ_0058058,0.58333457,#N/A,,,,,,,,
hsa_circ_0064557,0.57489765,#N/A,,,,,,,,
Chr5: 158368701,0.56783766,#N/A,,,,,,,,
hsa_circRNA_002082,0.5630834,#N/A,,,,,,,,
hsa_circ_001013,0.5594126,#N/A,,,,,,,,
circTCF25,0.55815476,#N/A,,,,,,,,
hsa_circ_0064996,0.5465441,#N/A,,,,,,,,
hsa_circRNA_004121,0.5446677,#N/A,,,,,,,,
hsa_circ_0002495,0.54438657,#N/A,,,,,,,,
hsa_circRNA_103809,0.5415939,hsa_circRNA_103809,,,,,,,,
hsa_circ_0000172,0.5383768,#N/A,,,,,,,,
hsa_circ_0109046,0.53454864,#N/A,,,,,,,,
hsa_circRNA_100777,0.5329656,#N/A,,,,,,,,
circTRIM24,0.5316204,#N/A,,,,,,,,
hsa_circRNA_105038,0.53093857,#N/A,,,,,,,,
Chr22: 28943661,0.5307209,#N/A,,,,,,,,
circRNA_0046366,0.5278171,#N/A,,,,,,,,
hsa_circRNA_104692,0.51911944,#N/A,,,,,,,,
hsa_circRNA_100395,0.5188356,#N/A,,,,,,,,
hsa_circ_0091894,0.51192975,#N/A,,,,,,,,
hsa_circRNA_104566,0.5102677,#N/A,,,,,,,,
has-circRNA_0046367,0.5052553,#N/A,,,,,,,,
hsa_circ_0001577,0.502876,#N/A,,,,,,,,
circHIAT1,0.5011411,#N/A,,,,,,,,
hsa_circRNA_102594,0.4977222,#N/A,,,,,,,,
circMylk,0.4963349,#N/A,,,,,,,,
hsa_circRNA_104980,0.48684657,#N/A,,,,,,,,
hsa_circ_0091017,0.4846203,#N/A,,,,,,,,
hsa_circRNA_014724,0.4771526,#N/A,,,,,,,,
hsa_circ_0000096,0.47427002,#N/A,,,,,,,,
hsa_circ_0008016,0.47376457,#N/A,,,,,,,,
hsa_circRNA_007850,0.46703827,#N/A,,,,,,,,
hsa_circ_0083964,0.46483904,#N/A,,,,,,,,
hsa_circ_0002577,0.45850945,#N/A,,,,,,,,
circRNA_101873,0.45517018,#N/A,,,,,,,,
hsa_circ_0032683,0.45188195,#N/A,,,,,,,,
hsa_circ_0004846,0.4507273,#N/A,,,,,,,,
hsa_circ_0056288,0.44470313,#N/A,,,,,,,,
circ-NT5C2,0.4387384,#N/A,,,,,,,,
hsa_circ_0021553,0.4345414,#N/A,,,,,,,,
hsa_circRNA_104194,0.42798603,#N/A,,,,,,,,
circRNA_003524,0.4189014,#N/A,,,,,,,,
hsa_circRNA_102678,0.41475338,#N/A,,,,,,,,
mmu_circ_0001052,0.41265094,#N/A,,,,,,,,
cir-GLI2,0.4079587,#N/A,,,,,,,,
hsa_circRNA_103801,0.40644485,#N/A,,,,,,,,
hsa_circRNA_100241,0.40619078,#N/A,,,,,,,,
hsa_circ_0001564,0.40283746,#N/A,,,,,,,,
hsa_circRNA_104892,0.39359885,#N/A,,,,,,,,
hsa_circ_0012673,0.39253077,#N/A,,,,,,,,
hsa_circRNA_102485,0.3908797,#N/A,,,,,,,,
hsa_circ_0007158,0.39040878,#N/A,,,,,,,,
hsa_circRNA_103309,0.38982797,#N/A,,,,,,,,
hsa_circRNA_104593,0.38973862,#N/A,,,,,,,,
hsa_circRNA_101407,0.38753003,#N/A,,,,,,,,
hsa_circ_0092509,0.37747708,#N/A,,,,,,,,
circRNA_103047,0.3756789,#N/A,,,,,,,,
circRNA_092516,0.37506574,#N/A,,,,,,,,
hsa_circ_0035381,0.37188655,#N/A,,,,,,,,
circNPM1,0.37015963,#N/A,,,,,,,,
circRNA_0001073,0.35883,#N/A,,,,,,,,
hsa_circ_0016347,0.35872325,#N/A,,,,,,,,
circRNA_104871,0.35750303,#N/A,,,,,,,,
hsa_ circRNA_104387,0.35561827,#N/A,,,,,,,,
hsa_circ_0052012,0.35030425,#N/A,,,,,,,,
hsa_circRNA_100258,0.35014138,#N/A,,,,,,,,
hsa_circ_0013958,0.3496136,#N/A,,,,,,,,
hsa_circ_0009910,0.34854597,#N/A,,,,,,,,
hsa_circRNA_103334,0.34815627,#N/A,,,,,,,,
hsa_circRNA_101113,0.3426094,#N/A,,,,,,,,
hsa_circ_0017446,0.34057114,#N/A,,,,,,,,
hsa_circ_0004136,0.33941486,#N/A,,,,,,,,
hsa_circ_0084927,0.3368491,#N/A,,,,,,,,
circRTN4,0.3352975,#N/A,,,,,,,,
circRHOBTB3,0.33437717,#N/A,,,,,,,,
circRNA_0005941,0.33220273,#N/A,,,,,,,,
circPRKCI,0.3170799,#N/A,,,,,,,,
hsa_circRNA_103410,0.31499007,#N/A,,,,,,,,
circRNA_0086376,0.312458,#N/A,,,,,,,,
hsa_circRNA_006411,0.31184363,#N/A,,,,,,,,
hsa_circRNA_404833,0.31138614,#N/A,,,,,,,,
circSMARC1A,0.30969876,#N/A,,,,,,,,
circARHGAP5,0.3073873,#N/A,,,,,,,,
circRNA_0018168,0.30618426,#N/A,,,,,,,,
hsa_circ_0004277,0.30582443,#N/A,,,,,,,,
circFAT1,0.30570015,#N/A,,,,,,,,
hsa_circ_0001859,0.30475828,#N/A,,,,,,,,
circRNA_0084927,0.30256587,#N/A,,,,,,,,
hsa_circRNA_401977,0.30023634,#N/A,,,,,,,,
hsa_circ_0005941,0.2956812,#N/A,,,,,,,,
hsa_circRNA_063981,0.29376456,#N/A,,,,,,,,
hsa_circ_0018168,0.28386447,#N/A,,,,,,,,
hsa_circ_0086376,0.28152457,#N/A,,,,,,,,
hsa_circRNA_406918,0.27657196,#N/A,,,,,,,,
hsa_circ_0075001,0.27510732,#N/A,,,,,,,,
hsa_circRNA_ 404457,0.273901,#N/A,,,,,,,,
hsa_circ_0001073,0.27253795,#N/A,,,,,,,,
CircDOCK1,0.2725318,#N/A,,,,,,,,
hsa_circRNA_ 100192,0.2662211,#N/A,,,,,,,,
hsa_circ_100721,0.25133434,#N/A,,,,,,,,
circRNA.5333,0.23786198,#N/A,,,,,,,,
hsa_circRNA_100750,0.23752289,#N/A,,,,,,,,
hsa_circ_102470,0.22378846,#N/A,,,,,,,,
Circ-ZNF609,0.20270282,#N/A,,,,,,,,
hsa-circRNA11806-28,0.19813998,#N/A,,,,,,,,
circRNA.22054,0.19807717,#N/A,,,,,,,,
hsa_circ_0000518,0.1932077,#N/A,,,,,,,,
hsa_circ_103783,0.18191814,#N/A,,,,,,,,
circRNA.37134,0.17910428,#N/A,,,,,,,,
hsa-circRNA11783-2,0.17811275,#N/A,,,,,,,,
circRNA.1030,0.17195854,#N/A,,,,,,,,
hsa_circ_102533 ,0.1708953,#N/A,,,,,,,,
hsa-circRNA6510-1,0.16359353,#N/A,,,,,,,,
circRNA.33299,0.16224886,#N/A,,,,,,,,
circC3P1,0.15660433,#N/A,,,,,,,,
circETFA,0.15518776,#N/A,,,,,,,,
CircARSP91,0.14914352,#N/A,,,,,,,,
circMTO1,0.14890324,#N/A,,,,,,,,
hsa_circRNA 102049,0.14706571,#N/A,,,,,,,,
hsa_circ_0018508,0.14369977,#N/A,,,,,,,,
hsa_circRNA_104075,0.14289686,#N/A,,,,,,,,
hsa_circ_0000911,0.14240038,#N/A,,,,,,,,
hsa_circ_0068033,0.14159447,#N/A,,,,,,,,
hsa_circ_101396,0.13980536,#N/A,,,,,,,,
hsa_circRNA_101720,0.13954963,#N/A,,,,,,,,
hsa_circ_0005075,0.1391505,#N/A,,,,,,,,
circRNA.20159,0.13908768,#N/A,,,,,,,,
hsa_circ_0001727,0.13833885,#N/A,,,,,,,,
hsa_circRNA_104135,0.13801615,#N/A,,,,,,,,
circZKSCAN1,0.13206704,#N/A,,,,,,,,
circSNX27,0.13147198,#N/A,,,,,,,,
hsa_circRNA_100338,0.1276002,#N/A,,,,,,,,
hsa_circRNA_100914,0.12727152,#N/A,,,,,,,,
hsa_circ_0000517,0.12680222,#N/A,,,,,,,,
hsa_circ_0056731,0.12603922,#N/A,,,,,,,,
hsa_circ_0067531,0.12595838,#N/A,,,,,,,,
hsa_circ_0050898,0.12430949,#N/A,,,,,,,,
circRNA_000839,0.124262154,#N/A,,,,,,,,
hsa_circ_0000520,0.124071926,#N/A,,,,,,,,
hsa_circ_0005986,0.124031655,#N/A,,,,,,,,
hsa_circ_0004018,0.12344807,#N/A,,,,,,,,
hsa_circ_0004214,0.12266483,#N/A,,,,,,,,
GSDMB ecircRNA,0.12192449,#N/A,,,,,,,,
hsa_circRNA_000598,0.12100619,#N/A,,,,,,,,
hsa_circ_0002078,0.12057746,#N/A,,,,,,,,
hsa_circ_0113854,0.12002991,#N/A,,,,,,,,
hsa_circ_0023903,0.11933004,#N/A,,,,,,,,
hsa_circ_0001400,0.11762891,#N/A,,,,,,,,
hsa_circ_0124644,0.11652924,#N/A,,,,,,,,
hsa_circ_0035560,0.11605855,#N/A,,,,,,,,
mmu-circRNA-33736,0.11552162,#N/A,,,,,,,,
hsa_circ_0024892,0.11534778,#N/A,,,,,,,,
hsa_circ_0106803,0.11533486,#N/A,,,,,,,,
hsa_circ_0098964,0.114183344,#N/A,,,,,,,,
hsa_circ_0068087,0.11372679,#N/A,,,,,,,,
hsa_circ_0001819,0.11320602,#N/A,,,,,,,,
hsa_circ_0085154,0.11294352,#N/A,,,,,,,,
hsa_circRNA_103343,0.11217171,#N/A,,,,,,,,
mmu-circRNA-30365 ,0.11191656,#N/A,,,,,,,,
hsa_circRNA_0007874,0.11188042,#N/A,,,,,,,,
hsa_circRNA_050898,0.111855865,#N/A,,,,,,,,
hsa_circ_0005402,0.11034875,#N/A,,,,,,,,
circ_15898,0.10990772,#N/A,,,,,,,,
hsa_circRNA_103387,0.10956344,#N/A,,,,,,,,
hsa_circ_0001212,0.10939023,#N/A,,,,,,,,
hsa_circ_0054633,0.109367065,#N/A,,,,,,,,
hsa_circ_0002569,0.10854222,#N/A,,,,,,,,
hsa_circRNA_067209,0.10826915,#N/A,,,,,,,,
mmu-circRNA-2483,0.10767491,#N/A,,,,,,,,
hsa-circRNA5974-1,0.10765947,#N/A,,,,,,,,
hsa_circRNA_101975,0.10759543,#N/A,,,,,,,,
hsa_circRNA_102049,0.10686227,#N/A,,,,,,,,
circRNA-MSR,0.106674165,#N/A,,,,,,,,
mmu-circRNA-7063,0.104950435,#N/A,,,,,,,,
hsa_circ_0001875,0.104911275,#N/A,,,,,,,,
hsa_circ_0082081,0.103682585,#N/A,,,,,,,,
circANRIL,0.10303454,#N/A,,,,,,,,
mmu-circRNA-2443,0.10223247,#N/A,,,,,,,,
hsa_circ_0005567,0.10158825,#N/A,,,,,,,,
mmu-circRNA-33186,0.10095553,#N/A,,,,,,,,
hsa_circ_0005105,0.10078828,#N/A,,,,,,,,
hsa_circ_0002343,0.100787595,#N/A,,,,,,,,
hsa_circ_0000519,0.10064564,#N/A,,,,,,,,
hsa_circ_0069399,0.10033403,#N/A,,,,,,,,
mmu-circRNA-36866,0.10018137,#N/A,,,,,,,,
cANRIL,0.09961546,#N/A,,,,,,,,
hsa_circ_0001187,0.09922646,#N/A,,,,,,,,
hsa_circ_0007928,0.09921766,#N/A,,,,,,,,
circUBR5,0.09886429,#N/A,,,,,,,,
circRNA_Atp9b,0.09865586,#N/A,,,,,,,,
circFAM188A,0.097966425,#N/A,,,,,,,,
hsa_circ_0003922,0.0978117,#N/A,,,,,,,,
hsa_circ_0067209,0.09701311,#N/A,,,,,,,,
hsa_circ_0045714,0.096860334,#N/A,,,,,,,,
hsa_circ_103110,0.096825585,#N/A,,,,,,,,
circZNF609,0.096192285,#N/A,,,,,,,,
hsa_circ_0008844,0.09531255,#N/A,,,,,,,,
hsa_circ_0062557,0.09385132,#N/A,,,,,,,,
circHLA-C,0.09380739,#N/A,,,,,,,,
hsa_circ_0000175,0.09351532,#N/A,,,,,,,,
hsa_circ_0000219,0.09319885,#N/A,,,,,,,,
hsa circ 0031288,0.09283405,#N/A,,,,,,,,
circSP100,0.09181794,#N/A,,,,,,,,
circPDE4B,0.09181243,#N/A,,,,,,,,
circEKL4,0.09177594,#N/A,,,,,,,,
hsa_circ_0092276,0.091163695,#N/A,,,,,,,,
hsa_circRNA_104953,0.091064066,#N/A,,,,,,,,
circMED13,0.08925707,#N/A,,,,,,,,
hsa_circ_0008433,0.089169875,#N/A,,,,,,,,
hsa_circ_0003838,0.0885562,#N/A,,,,,,,,
circPABPN1,0.088229895,#N/A,,,,,,,,
circ_0002198,0.08749851,#N/A,,,,,,,,
hsa_circ_0001410,0.08715413,#N/A,,,,,,,,
hsa_circ_0008305,0.08690423,#N/A,,,,,,,,
hsa_circRNA_100679,0.08638514,#N/A,,,,,,,,
hsa_circ_0003575,0.084887855,#N/A,,,,,,,,
circ_0004712,0.084840365,#N/A,,,,,,,,
hsa_circ_0041946,0.08461657,#N/A,,,,,,,,
hsa_circ_0002198,0.084577054,#N/A,,,,,,,,
hsa_circ_0080210,0.08319927,#N/A,,,,,,,,
hsa_circ_0000673,0.082840316,#N/A,,,,,,,,
circ-GRB10,0.08253643,#N/A,,,,,,,,
hsa_circ_0026143,0.08230912,#N/A,,,,,,,,
hsa_circRNA_103636,0.0817926,#N/A,,,,,,,,
hsa_circ_101471,0.081693135,#N/A,,,,,,,,
hsa_circ_101889,0.08128662,#N/A,,,,,,,,
hsa_circRNA_102802,0.08128349,#N/A,,,,,,,,
hsa_circ_0005620 ,0.081181385,#N/A,,,,,,,,
circVMA21,0.07938544,#N/A,,,,,,,,
hsa_circ_0091702,0.079247616,#N/A,,,,,,,,
hsa_circ_0046599,0.07921937,#N/A,,,,,,,,
hsa_circ_102571,0.0792121,#N/A,,,,,,,,
hsa_circRNA_002143,0.0791387,#N/A,,,,,,,,
hsa_circ_0023115,0.07820498,#N/A,,,,,,,,
hsa_circ_104807,0.0777034,#N/A,,,,,,,,
hsa_circ_0108942,0.07717677,#N/A,,,,,,,,
hsa_circ_0001907,0.076486126,#N/A,,,,,,,,
hsa_circ_0001955,0.07641837,#N/A,,,,,,,,
hsa_circ_100226,0.07610402,#N/A,,,,,,,,
hsa_circ_100775,0.075835906,#N/A,,,,,,,,
hsa_circ_103736,0.07557975,#N/A,,,,,,,,
hsa_circ_0021549,0.075014174,#N/A,,,,,,,,
hsa_circ_0018293,0.07491923,#N/A,,,,,,,,
hsa_circ_0023404,0.07488973,#N/A,,,,,,,,
hsa_circ_102584,0.07460187,#N/A,,,,,,,,
hsa_circ_0089310,0.074338466,#N/A,,,,,,,,
hsa_circ_0034398,0.074330315,#N/A,,,,,,,,
hsa_circ_100219,0.074059665,#N/A,,,,,,,,
hsa_circ_400011,0.0736526,#N/A,,,,,,,,
hsa_circ_0008615,0.07331242,#N/A,,,,,,,,
hsa_circ_0001824,0.072766304,#N/A,,,,,,,,
circ-CER,0.07265004,#N/A,,,,,,,,
hsa_circ_103737,0.072569296,#N/A,,,,,,,,
hsa_circ_0003146,0.07244336,#N/A,,,,,,,,
hsa_circ_0040705,0.072345704,#N/A,,,,,,,,
hsa_circ_0092374,0.07156086,#N/A,,,,,,,,
hsa_circRNA_102116,0.07151016,#N/A,,,,,,,,
hsa_circ_0001866,0.071267955,#N/A,,,,,,,,
hsa_circ_0056048,0.07104375,#N/A,,,,,,,,
hsa_circ_0023117,0.07060701,#N/A,,,,,,,,
hsa_circ_0079549,0.070167325,#N/A,,,,,,,,
hsa_circ_101555,0.07014732,#N/A,,,,,,,,
hsa_circ_0067745,0.069712855,#N/A,,,,,,,,
hsa_circ_0070933,0.0694092,#N/A,,,,,,,,
circOLA,0.06901409,#N/A,,,,,,,,
hsa_circ_104689,0.068330206,#N/A,,,,,,,,
hsa_circ_0093859,0.06797189,#N/A,,,,,,,,
hsa_circ_0006054,0.06791198,#N/A,,,,,,,,
circRNA_100876,0.0679051,#N/A,,,,,,,,
hsa_circRNA_100709,0.06745283,#N/A,,,,,,,,
hsa_circ_0005931,0.067038,#N/A,,,,,,,,
hsa_circ_0023114,0.06686613,#N/A,,,,,,,,
circBRIP,0.06683943,#N/A,,,,,,,,
hsa_circ_0041731,0.066170394,#N/A,,,,,,,,
hsa_circ_0062163,0.06550312,#N/A,,,,,,,,
hsa_circ_0015756,0.065244846,#N/A,,,,,,,,
hsa_circRNA_102039,0.06469137,#N/A,,,,,,,,
circHECTD1,0.06444881,#N/A,,,,,,,,
hsa_circ_0040081,0.06435213,#N/A,,,,,,,,
hsa_circ_0078710,0.06419228,#N/A,,,,,,,,
hsa_circ_0057336,0.06418896,#N/A,,,,,,,,
hsa_circ_0070934,0.06416864,#N/A,,,,,,,,
hsa_circ_0051239,0.06416528,#N/A,,,,,,,,
hsa_circ_0017515,0.063674256,#N/A,,,,,,,,
hsa_circRNA_104310,0.06362208,#N/A,,,,,,,,
hsa_circ_0001982,0.06353806,#N/A,,,,,,,,
hsa_circ_0043534,0.06349019,#N/A,,,,,,,,
hsa_circ_0072359,0.06279558,#N/A,,,,,,,,
hsa_circ_0023110,0.06238739,#N/A,,,,,,,,
hsa_circRNA_102771,0.061682537,#N/A,,,,,,,,
hsa_circ_0004619,0.06115056,#N/A,,,,,,,,
hsa_circ_0003258,0.061043035,#N/A,,,,,,,,
mmu_circ_0000375,0.06049902,#N/A,,,,,,,,
hsa_circRNA_100933,0.059838083,#N/A,,,,,,,,
hsa_circ_0014130,0.059812218,#N/A,,,,,,,,
hsa_circ_0045510,0.059710536,#N/A,,,,,,,,
mm9_circ_002888,0.059428833,#N/A,,,,,,,,
circZC3H4,0.05921249,#N/A,,,,,,,,
hsa_circRNA_051239,0.059176248,#N/A,,,,,,,,
hsa_circ_0066077,0.058752846,#N/A,,,,,,,,
hsa_circ_0007385,0.058742773,#N/A,,,,,,,,
circDENND4C,0.058689576,#N/A,,,,,,,,
mmu_circ_0001544,0.057269398,#N/A,,,,,,,,
hsa_circ_0023984,0.05695835,#N/A,,,,,,,,
hsa_circRNA_101238,0.056935575,#N/A,,,,,,,,
hsa_circ_0043138,0.05646058,#N/A,,,,,,,,
circRNA-001283,0.05610508,#N/A,,,,,,,,
hsa_circRNA_102683,0.0557954,#N/A,,,,,,,,
hsa_circRNA_005525,0.054937948,#N/A,,,,,,,,
hsa_circ_0084615,0.05491118,#N/A,,,,,,,,
hsa_circRNA_103458,0.054587524,#N/A,,,,,,,,
hsa_circ_0043256,0.054429006,#N/A,,,,,,,,
hsa_circ_0067175,0.0543443,#N/A,,,,,,,,
hsa_circ_0001785,0.053972404,#N/A,,,,,,,,
hsa_circ_0016760,0.053500533,#N/A,,,,,,,,
chr19:5761476-5761630,0.05298523,#N/A,,,,,,,,
hsa_circ_0008717,0.05289376,#N/A,,,,,,,,
hsa_circRNA_104349,0.052744996,#N/A,,,,,,,,
hsa_circ_0055377,0.05265744,#N/A,,,,,,,,
hsa_circ_0079385,0.052427918,#N/A,,,,,,,,
hsa_circ_0011946,0.05232363,#N/A,,,,,,,,
hsa_circ_0002271,0.051704198,#N/A,,,,,,,,
hsa_circ_0079929,0.051479653,#N/A,,,,,,,,
circ-Foxo3,0.05098638,#N/A,,,,,,,,
hsa_circ_0008732,0.0507757,#N/A,,,,,,,,
hsa_circ_0003586,0.050595835,#N/A,,,,,,,,
hsa_circ_0002968,0.05052425,#N/A,,,,,,,,
mmu_circRNA_006173,0.050387356,#N/A,,,,,,,,
hsa_circ_0000732,0.05030926,#N/A,,,,,,,,
hsa_circ_0004372,0.05000341,#N/A,,,,,,,,
hsa_circ_0001566,0.049822804,#N/A,,,,,,,,
hsa_circ_0001721,0.049697038,#N/A,,,,,,,,
hsa_circ_0005525,0.04923348,#N/A,,,,,,,,
hsa_circ_0000199,0.049131714,#N/A,,,,,,,,
hsa_circ_0001189,0.049102485,#N/A,,,,,,,,
circABCB10,0.048937246,#N/A,,,,,,,,
hsa_circ_0004872,0.04891803,#N/A,,,,,,,,
hsa_circRNA_104634,0.048903413,#N/A,,,,,,,,
hsa_circ_0008345,0.0488981,#N/A,,,,,,,,
hsa_circ_0005912,0.048891768,#N/A,,,,,,,,
hsa_circ_0086241,0.04880386,#N/A,,,,,,,,
hsa_circ_0000981,0.048709914,#N/A,,,,,,,,
hsa_circ_0058106,0.048148178,#N/A,,,,,,,,
hsa_circ_0000893,0.04808149,#N/A,,,,,,,,
hsa_circ_0006411,0.04805845,#N/A,,,,,,,,
hsa_circ_0058107,0.048021477,#N/A,,,,,,,,
mmu_circRNA_006229,0.04792685,#N/A,,,,,,,,
chr4:103501692-103504114,0.04765291,#N/A,,,,,,,,
hsa_circ_0006460,0.047649696,#N/A,,,,,,,,
mmu_circRNA_013699,0.047497217,#N/A,,,,,,,,
chr5:90817794|90827570,0.047321945,#N/A,,,,,,,,
mmu_circRNA_017963,0.047266707,#N/A,,,,,,,,
hsa_circ_0036722,0.047262747,#N/A,,,,,,,,
chr18:107887-108499,0.04702907,#N/A,,,,,,,,
hsa_circ_0005603,0.04692673,#N/A,,,,,,,,
circBRAF,0.04671414,#N/A,,,,,,,,
mmu_circRNA_003540,0.046337962,#N/A,,,,,,,,
hsa_circRNA_002271,0.04622598,#N/A,,,,,,,,
hsa_circ_0006528,0.04615537,#N/A,,,,,,,,
chr6:22033342|22038870,0.04599085,#N/A,,,,,,,,
circRNA-001175,0.045883935,#N/A,,,,,,,,
hsa_circ_0075829,0.04575387,#N/A,,,,,,,,
hsa_circ_0024108,0.04547717,#N/A,,,,,,,,
chr11:34060062|34073206,0.045417648,#N/A,,,,,,,,
circ-LDLRAD3,0.045178335,#N/A,,,,,,,,
mm9-circ-016597,0.045121238,#N/A,,,,,,,,
hsa_circ_0002260,0.045084517,#N/A,,,,,,,,
hsa_circ_0000257,0.045034662,#N/A,,,,,,,,
circAmotl1,0.04488763,#N/A,,,,,,,,
hsa_circRNA_102051,0.044612646,#N/A,,,,,,,,
hsa_circ_0008719,0.04459535,#N/A,,,,,,,,
hsa_circ_0043278,0.044257153,#N/A,,,,,,,,
hsa_circ_0041150,0.04423899,#N/A,,,,,,,,
MCF7_circ_000595,0.0442356,#N/A,,,,,,,,
circZFR,0.044155233,#N/A,,,,,,,,
chr8:71336875|71337745,0.044085972,#N/A,,,,,,,,
hsa_circ_0001666,0.044064373,#N/A,,,,,,,,
mmu_circRNA_012180,0.043828487,#N/A,,,,,,,,
hsa_circ_0006220,0.04372625,#N/A,,,,,,,,
MFACR,0.04367945,#N/A,,,,,,,,
hsa_circRNA_104084,0.04342947,#N/A,,,,,,,,
hsa_circRNA_101368,0.043350086,#N/A,,,,,,,,
circRNA_100782,0.043066986,#N/A,,,,,,,,
hsa_circRNA_103076,0.042971108,#N/A,,,,,,,,
hsa_circ_0005785,0.042760164,#N/A,,,,,,,,
circWDR77,0.04273873,#N/A,,,,,,,,
hsa_circRNA_101717,0.042579222,#N/A,,,,,,,,
hsa_circ_0003028,0.042285345,#N/A,,,,,,,,
hsa_circ_104821,0.042229198,#N/A,,,,,,,,
hsa_circ_0013509,0.042203255,#N/A,,,,,,,,
mmu_circ_0000290,0.042087775,#N/A,,,,,,,,
circRNA_002581,0.041950405,#N/A,,,,,,,,
hsa_circRNA_103390,0.041767735,#N/A,,,,,,,,
hsa_circRNA_104270,0.041603412,#N/A,,,,,,,,
hsa_circ_0006913,0.041553818,#N/A,,,,,,,,
hsa_circ_0089231,0.04145708,#N/A,,,,,,,,
hsa_circRNA_100433,0.041385505,#N/A,,,,,,,,
mm9_circ_002581,0.041286975,#N/A,,,,,,,,
hsa_circRNA_000167,0.041221905,#N/A,,,,,,,,
hsa_circ_0005397,0.040831923,#N/A,,,,,,,,
circRNA_007585,0.040614977,#N/A,,,,,,,,
hsa_circ_0018289,0.040576503,#N/A,,,,,,,,
hsa_circRNA_102619,0.040545143,#N/A,,,,,,,,
hsa_circ_0007915,0.040507708,#N/A,,,,,,,,
hsa_circ_0087432,0.040348735,#N/A,,,,,,,,
hsa_circ_0011021,0.039815105,#N/A,,,,,,,,
mmu_circ_0001046,0.039799523,#N/A,,,,,,,,
hsa_circ_0078297,0.039606895,#N/A,,,,,,,,
hsa_circ_10072088,0.03953562,#N/A,,,,,,,,
hsa_circ_0091822,0.03950389,#N/A,,,,,,,,
circRNA_012164,0.039460085,#N/A,,,,,,,,
mmu_circ_0001351,0.03930725,#N/A,,,,,,,,
hsa_circ_0000977,0.03930689,#N/A,,,,,,,,
hsa_circ_0002113,0.03918067,#N/A,,,,,,,,
circRNA_002279,0.03915212,#N/A,,,,,,,,
circRNA-000284,0.0388874,#N/A,,,,,,,,
hsa_circ_0006988,0.03860393,#N/A,,,,,,,,
hsa_circ_0034912,0.03853962,#N/A,,,,,,,,
circIPO11,0.038528796,#N/A,,,,,,,,
hsa_circ_0032821,0.03849066,#N/A,,,,,,,,
mm9_circ_004772,0.038480982,#N/A,,,,,,,,
mm9_circ_012164,0.03838366,#N/A,,,,,,,,
hsa_circRNA_103847,0.038299635,#N/A,,,,,,,,
circRNA_008472,0.03803872,#N/A,,,,,,,,
circRNA_09585,0.037854012,#N/A,,,,,,,,
circFUT8,0.0377756,#N/A,,,,,,,,
mm9_circ_008472,0.03759629,#N/A,,,,,,,,
mm9_circ_002279,0.037144072,#N/A,,,,,,,,
circRNA_004772,0.037104573,#N/A,,,,,,,,
hsa_circ_101222,0.036990386,#N/A,,,,,,,,
hsa_circ_0000681,0.03698772,#N/A,,,,,,,,
circFAM120A,0.036960587,#N/A,,,,,,,,
circRNA_05538,0.036793802,#N/A,,,,,,,,
hsa_circ_0002908,0.036736168,#N/A,,,,,,,,
mm9_circ_007585,0.03671019,#N/A,,,,,,,,
hsa_circ_0058246,0.036677543,#N/A,,,,,,,,
IQCK,0.03666853,#N/A,,,,,,,,
hsa_circRNA_102682,0.036617797,#N/A,,,,,,,,
hsa_circ_0063179,0.03655762,#N/A,,,,,,,,
hsa_circ_0001667,0.036411423,#N/A,,,,,,,,
hsa_circ_0008797,0.03637811,#N/A,,,,,,,,
hsa_circ_0108308,0.036243517,#N/A,,,,,,,,
hsa_circ_0005218,0.03622182,#N/A,,,,,,,,
hsa_circ_0029601,0.036202665,#N/A,,,,,,,,
hsa_circ_0005442,0.036179155,#N/A,,,,,,,,
hsa_circ_0032891,0.036168348,#N/A,,,,,,,,
circRNA_14623,0.036154006,#N/A,,,,,,,,
circCRIM1,0.036147684,#N/A,,,,,,,,
hsa_circRNA_104820,0.03605043,#N/A,,,,,,,,
hsa_circ_0054211,0.03602598,#N/A,,,,,,,,
MCTP1,0.0360126,#N/A,,,,,,,,
hsa_circ_0038374,0.03600229,#N/A,,,,,,,,
DTNA,0.035981115,#N/A,,,,,,,,
MAP4K3,0.035977475,#N/A,,,,,,,,
circRNA_09993,0.03596608,#N/A,,,,,,,,
circRNA_00074,0.03595172,#N/A,,,,,,,,
hsa_circ_0000414,0.03594524,#N/A,,,,,,,,
circRNA_13478,0.03592639,#N/A,,,,,,,,
hsa_circ_0008945,0.035863373,#N/A,,,,,,,,
hsa_circ_0002362,0.035787538,#N/A,,,,,,,,
hsa_circ_0005540,0.03574567,#N/A,,,,,,,,
EFCAB11,0.03569221,#N/A,,,,,,,,
hsa_circ_0001283,0.035298172,#N/A,,,,,,,,
hsa_circ_406697,0.03453935,#N/A,,,,,,,,
circRNA-000911,0.033930734,#N/A,,,,,,,,
hsa_circ_0085495,0.03277384,#N/A,,,,,,,,
hsa_circ_0002874,0.03261756,#N/A,,,,,,,,
hsa_circ_0001017,0.029020367,#N/A,,,,,,,,
hsa_circ_0000098,0.028887063,#N/A,,,,,,,,
hsa_circ_002059,0.028200157,#N/A,,,,,,,,
hsa_circ_0076305,0.028124254,#N/A,,,,,,,,
circBCL11B,0.02396328,#N/A,,,,,,,,
hsa_circRNA_104423,0.022800948,#N/A,,,,,,,,
hsa_circ_006054,0.02236378,#N/A,,,,,,,,
circRNA-100438,0.022228936,#N/A,,,,,,,,
circVRK1,0.021717504,#N/A,,,,,,,,
hsa_circ_0005927,0.018373873,#N/A,,,,,,,,
hsa_circ_0085553,0.018124092,#N/A,,,,,,,,
hsa_circ_0003159,0.017461862,#N/A,,,,,,,,
hsa_circRNA_400071,0.016786473,#N/A,,,,,,,,
hsa_circ_0000144,0.015589786,#N/A,,,,,,,,
hsa_circ_0000190,0.013855279,#N/A,,,,,,,,
Fusion-circRNAs,0.013793613,#N/A,,,,,,,,
hsa_circRNA_001959,0.013497343,#N/A,,,,,,,,
hsa_circRNA_100269,0.013481739,#N/A,,,,,,,,
hsa_circ_0000181,0.012336833,#N/A,,,,,,,,
circ-ZFR,0.01166196,#N/A,,,,,,,,
hsa_circ_0069131,0.01161468,#N/A,,,,,,,,
circRNA0138960,0.011076364,#N/A,,,,,,,,
hsa_circ_0076304,0.01092881,#N/A,,,,,,,,
hsa_circRNA_000543,0.010746436,#N/A,,,,,,,,
circ-SHKBP1,0.010515091,#N/A,,,,,,,,
circRNA_100269,0.010468839,#N/A,,,,,,,,
circRNA0047905,0.010260706,#N/A,,,,,,,,
hsa_circRNA_104916,0.009892495,#N/A,,,,,,,,
hsa_circ_000760,0.009570133,#N/A,,,,,,,,
hsa_circ_0006633,0.009402711,#N/A,,,,,,,,
hsa_circ_0001561,0.009351653,#N/A,,,,,,,,
hsa_circRNA_101308,0.009292626,#N/A,,,,,,,,
hsa_circRNA_400066,0.009042992,#N/A,,,,,,,,
Circ_CRKL,0.008828162,#N/A,,,,,,,,
Circ_VCAN,0.008551087,#N/A,,,,,,,,
f-circRNA(f-circPRï¼_-circM9),0.008382978,#N/A,,,,,,,,
hsa_circ_0061274,0.008215232,#N/A,,,,,,,,
hsa_circ_0085616,0.007939309,#N/A,,,,,,,,
Circ_MAN1A2,0.007782731,#N/A,,,,,,,,
hsa_circ_0092341,0.00732636,#N/A,,,,,,,,
hsa_circ_0091742,0.0071516,#N/A,,,,,,,,
hsa_circ_0000026,0.006669023,#N/A,,,,,,,,
Circ_CEP192,0.006648433,#N/A,,,,,,,,
Circ-104916,0.006552105,#N/A,,,,,,,,
circLARP4,0.006461901,#N/A,,,,,,,,
Circ_R3HDM1,0.006343735,#N/A,,,,,,,,
hsa_circ_0000745,0.006235885,#N/A,,,,,,,,
hsa_circ_0089548,0.006227,#N/A,,,,,,,,
hsa_circ_0006022,0.006122578,#N/A,,,,,,,,
hsa_circ_0035431,0.005684414,#N/A,,,,,,,,
hsa_circ_0074362,0.005590042,#N/A,,,,,,,,
hsa_circ_0138960,0.005526638,#N/A,,,,,,,,
hsa_circ_0006127,0.005472959,#N/A,,,,,,,,
Circ_STXBP5L,0.005313206,#N/A,,,,,,,,
Circ_ETFA,0.005198925,#N/A,,,,,,,,
hsa_circ_0001895,0.005174958,#N/A,,,,,,,,
Circ_CORO1C,0.004960094,#N/A,,,,,,,,
Circ_SLC8A1,0.004847351,#N/A,,,,,,,,
circTTBK2,0.004778849,#N/A,,,,,,,,
Circ_ADCY1,0.004668097,#N/A,,,,,,,,
circPRRC2B,0.004595951,#N/A,,,,,,,,
hsa_circ_0003707,0.004551097,#N/A,,,,,,,,
hsa_circ_0047905,0.004542072,#N/A,,,,,,,,
hsa_circRNA_001066,0.004414217,#N/A,,,,,,,,
hsa_circ_0031979,0.004363379,#N/A,,,,,,,,
hsa_circ_0061276,0.004300389,#N/A,,,,,,,,
Circ_EML5,0.004244498,#N/A,,,,,,,,
hsa_circ_0000140,0.004059663,#N/A,,,,,,,,
hsa_circRNA_000792,0.004020009,#N/A,,,,,,,,
has-circRNA7690-15,0.003897675,#N/A,,,,,,,,
Circ_MCTP1,0.003852817,#N/A,,,,,,,,
hsa_circ_0000594,0.00380043,#N/A,,,,,,,,
hsa_circ_0005529,0.003691739,#N/A,,,,,,,,
Circ_UNC79,0.003491403,#N/A,,,,,,,,
cZNF292,0.003467695,#N/A,,,,,,,,
Circ_ZNF148,0.003154971,#N/A,,,,,,,,
Circ_RIMS1,0.003093192,#N/A,,,,,,,,
Circ_MED12L,0.002889098,#N/A,,,,,,,,
Circ_SMARCA5,0.002829571,#N/A,,,,,,,,
circ-FBXW7,0.002780769,#N/A,,,,,,,,
Circ_ERC1,0.002773759,#N/A,,,,,,,,
Circ_RNF10,0.002439745,#N/A,,,,,,,,
hsa_circ_0004383,0.002434343,#N/A,,,,,,,,
Circ_KCNN2,0.00239172,#N/A,,,,,,,,
Circ_HIPK3,0.002326875,#N/A,,,,,,,,
Circ_BEND6,0.00226946,#N/A,,,,,,,,
Circ_FKBP8,0.002087607,#N/A,,,,,,,,
hsa_circ_0046701,0.001469818,#N/A,,,,,,,,
Circ_SAFB2,0.001312526,#N/A,,,,,,,,