circRNA,prob,,,,,CDR1as,1,gastric cancer,26
hsa_circ_0000615,0.9999975,#N/A,,,,Circ-104916,40,gastric cancer,26
CDR1as,0.9999243,CDR1as,,,,circHIAT1,74,gastric cancer,26
ciRS-7,0.9999219,ciRS-7,,,,circHIPK3,75,gastric cancer,26
cZNF609,0.9998481,#N/A,,,,circLARP4,79,gastric cancer,26
hsa_circ_0007386,0.999711,#N/A,,,,circPRRC2B,91,gastric cancer,26
circHIPK3,0.99965787,circHIPK3,,,,circPVT1,93,gastric cancer,26
hsa_circ_0000284,0.9996408,hsa_circ_0000284,,,,circRNA_100269,125,gastric cancer,26
mmu_circ_0001878,0.99851507,#N/A,,,,circRNA0047905,146,gastric cancer,26
hsa_circ_0067934,0.9945397,#N/A,,,,circRNA0138960,147,gastric cancer,26
hsa_circ_0004712,0.99432474,#N/A,,,,circ-ZFR,200,gastric cancer,26
hsa_circ_0001445,0.99151367,#N/A,,,,ciRS-7,206,gastric cancer,26
circSMARCA5,0.98996836,#N/A,,,,has-circRNA7690-15,216,gastric cancer,26
RBM20-dependent TTN circRNAs,0.9889649,#N/A,,,,hsa_circ_0000026,221,gastric cancer,26
Titin circRNAs,0.98894054,#N/A,,,,hsa_circ_0000096,224,gastric cancer,26
hsa_circ_0001649,0.9885634,hsa_circ_0001649,,,,hsa_circ_0000140,226,gastric cancer,26
MICRA,0.98773885,#N/A,,,,hsa_circ_0000144,227,gastric cancer,26
cTtns,0.9866034,#N/A,,,,hsa_circ_0000181,230,gastric cancer,26
hsa_circ_0002161,0.9856737,#N/A,,,,hsa_circ_0000190,231,gastric cancer,26
circCCDC66,0.98545134,#N/A,,,,hsa_circ_0000284,235,gastric cancer,26
Circ_BEND6,0.9852201,#N/A,,,,hsa_circ_0000520,243,gastric cancer,26
Circ_HIPK3,0.98519266,#N/A,,,,hsa_circ_0000745,252,gastric cancer,26
Circ_KCNN2,0.98517275,#N/A,,,,hsa_circ_0001017,257,gastric cancer,26
hsa_circ_0004383,0.98513955,#N/A,,,,hsa_circ_0001561,272,gastric cancer,26
Circ_RNF10,0.9851344,#N/A,,,,hsa_circ_0001649,276,gastric cancer,26
Circ_FKBP8,0.98509336,#N/A,,,,hsa_circ_0001821,284,gastric cancer,26
circRNA_081881,0.98504454,#N/A,,,,hsa_circ_0001895,289,gastric cancer,26
circ-FBXW7,0.98485154,#N/A,,,,hsa_circ_0001946,291,gastric cancer,26
Circ_ERC1,0.9848386,#N/A,,,,hsa_circ_0003159,314,gastric cancer,26
Circ_SMARCA5,0.98477966,#N/A,,,,hsa_circ_0003707,321,gastric cancer,26
Circ_MED12L,0.9846985,#N/A,,,,hsa_circ_0005529,345,gastric cancer,26
Circ_RIMS1,0.98439264,#N/A,,,,hsa_circ_0005927,353,gastric cancer,26
Circ_ZNF148,0.9843023,#N/A,,,,hsa_circ_0006022,357,gastric cancer,26
cZNF292,0.9837239,#N/A,,,,hsa_circ_0006127,359,gastric cancer,26
hsa_circ_0037911,0.9837046,#N/A,,,,hsa_circ_0006633,365,gastric cancer,26
Circ_UNC79,0.9836925,#N/A,,,,hsa_circ_000760,374,gastric cancer,26
hsa_circ_0001946,0.98350656,hsa_circ_0001946,,,,hsa_circ_001013,392,gastric cancer,26
hsa_circ_0005529,0.9831283,hsa_circ_0005529,,,,hsa_circ_0014717,399,gastric cancer,26
hsa_circ_0000594,0.98304754,#N/A,,,,hsa_circ_002059,416,gastric cancer,26
Circ_MCTP1,0.98300976,#N/A,,,,hsa_circ_0031979,432,gastric cancer,26
has-circRNA7690-15,0.9827596,has-circRNA7690-15,,,,hsa_circ_0032821,434,gastric cancer,26
hsa_circ_0046701,0.9825859,#N/A,,,,hsa_circ_0035431,440,gastric cancer,26
hsa_circRNA_000792,0.9825096,hsa_circRNA_000792,,,,hsa_circ_0047905,460,gastric cancer,26
hsa_circ_0000140,0.98242354,hsa_circ_0000140,,,,hsa_circ_0058246,475,gastric cancer,26
Circ_EML5,0.9821737,#N/A,,,,hsa_circ_0061274,478,gastric cancer,26
hsa_circ_001763,0.98215044,#N/A,,,,hsa_circ_0061276,479,gastric cancer,26
hsa_circ_0061276,0.98189133,hsa_circ_0061276,,,,hsa_circ_0069131,494,gastric cancer,26
hsa_circ_0031979,0.98175323,hsa_circ_0031979,,,,hsa_circ_0074362,500,gastric cancer,26
hsa_circRNA_001066,0.98158604,hsa_circRNA_001066,,,,hsa_circ_0076304,504,gastric cancer,26
Cir-ITCH,0.9814261,#N/A,,,,hsa_circ_0076305,505,gastric cancer,26
hsa_circ_0047905,0.9813514,hsa_circ_0047905,,,,hsa_circ_0085553,524,gastric cancer,26
hsa_circ_0003707,0.98132,hsa_circ_0003707,,,,hsa_circ_0085616,525,gastric cancer,26
circPRRC2B,0.98126686,circPRRC2B,,,,hsa_circ_0089548,531,gastric cancer,26
Circ_ADCY1,0.9812531,#N/A,,,,hsa_circ_0091742,535,gastric cancer,26
circTTBK2,0.9810998,#N/A,,,,hsa_circ_0092341,540,gastric cancer,26
Circ_SAFB2,0.98102504,#N/A,,,,hsa_circ_0138960,551,gastric cancer,26
Circ_SLC8A1,0.9808896,#N/A,,,,hsa_circRNA_000543,580,gastric cancer,26
Circ_CORO1C,0.98067206,#N/A,,,,hsa_circRNA_000792,583,gastric cancer,26
hsa_circ_0001313,0.98059064,#N/A,,,,hsa_circRNA_001066,584,gastric cancer,26
Circ_ETFA,0.9801892,#N/A,,,,hsa_circRNA_001959,587,gastric cancer,26
hsa_circ_0001895,0.9800111,hsa_circ_0001895,,,,hsa_circRNA_100269,604,gastric cancer,26
Circ_STXBP5L,0.97990257,#N/A,,,,hsa_circRNA_101308,617,gastric cancer,26
hsa_circ_0006127,0.97937596,hsa_circ_0006127,,,,hsa_circRNA_104423,664,gastric cancer,26
hsa_circ_0138960,0.9792955,hsa_circ_0138960,,,,hsa_circRNA_104916,675,gastric cancer,26
hsa_circ_0001141,0.9791919,#N/A,,,,hsa_circRNA_400066,681,gastric cancer,26
hsa_circ_0074362,0.97907305,hsa_circ_0074362,,,,hsa_circRNA_400071,682,gastric cancer,26
hsa_circ_0035431,0.9788624,hsa_circ_0035431,,,,,,,
hsa_circ_0006022,0.97801983,hsa_circ_0006022,,,,,,,
Circ_R3HDM1,0.9777828,#N/A,,,,,,,
hsa_circ_0089548,0.977764,hsa_circ_0089548,,,,,,,
hsa_circ_0000745,0.9777541,hsa_circ_0000745,,,,,,,
circLARP4,0.97733045,circLARP4,,,,,,,
Circ_CEP192,0.97716516,#N/A,,,,,,,
Circ-104916,0.9771572,Circ-104916,,,,,,,
hsa_circ_0000026,0.9768916,hsa_circ_0000026,,,,,,,
hsa_circ_0091742,0.97593725,hsa_circ_0091742,,,,,,,
hsa_circ_0092341,0.9755432,hsa_circ_0092341,,,,,,,
Circ_MAN1A2,0.97502124,#N/A,,,,,,,
hsa_circ_0085616,0.9744598,hsa_circ_0085616,,,,,,,
hsa_circ_0061274,0.9738709,hsa_circ_0061274,,,,,,,
Circ_VCAN,0.97361165,#N/A,,,,,,,
f-circRNA(f-circPRï¼_-circM9),0.973557,#N/A,,,,,,,
Circ_CRKL,0.9730411,#N/A,,,,,,,
hsa_circRNA_400066,0.97241277,hsa_circRNA_400066,,,,,,,
hsa_circRNA_101308,0.97196376,hsa_circRNA_101308,,,,,,,
hsa_circ_0006633,0.9718892,hsa_circ_0006633,,,,,,,
hsa_circ_0001561,0.9718692,hsa_circ_0001561,,,,,,,
hsa_circ_000760,0.9715939,hsa_circ_000760,,,,,,,
hsa_circRNA_104916,0.9710882,hsa_circRNA_104916,,,,,,,
circRNA0047905,0.9703736,circRNA0047905,,,,,,,
circ-SHKBP1,0.97026473,#N/A,,,,,,,
circRNA_100269,0.9700383,circRNA_100269,,,,,,,
hsa_circRNA_000543,0.9695812,hsa_circRNA_000543,,,,,,,
hsa_circ_0076304,0.9693178,hsa_circ_0076304,,,,,,,
circRNA0138960,0.9689956,circRNA0138960,,,,,,,
hsa_circ_0069131,0.9681941,hsa_circ_0069131,,,,,,,
circ-ZFR,0.9681456,circ-ZFR,,,,,,,
hsa_circ_0000181,0.9671173,hsa_circ_0000181,,,,,,,
hsa_circRNA_100269,0.96539813,hsa_circRNA_100269,,,,,,,
hsa_circRNA_001959,0.9653499,hsa_circRNA_001959,,,,,,,
Fusion-circRNAs,0.9649403,#N/A,,,,,,,
hsa_circ_0000190,0.9647146,hsa_circ_0000190,,,,,,,
hsa_circ_0000144,0.9623781,hsa_circ_0000144,,,,,,,
hsa_circRNA_100782,0.9618551,#N/A,,,,,,,
hsa_circRNA_400071,0.96079016,hsa_circRNA_400071,,,,,,,
hsa_circ_0003159,0.95993316,hsa_circ_0003159,,,,,,,
hsa_circ_0085553,0.95892435,hsa_circ_0085553,,,,,,,
hsa_circ_0005927,0.9587014,hsa_circ_0005927,,,,,,,
circVRK1,0.95433474,#N/A,,,,,,,
circRNA-100438,0.9538192,#N/A,,,,,,,
hsa_circ_006054,0.9537152,#N/A,,,,,,,
hsa_circRNA_104423,0.9532819,hsa_circRNA_104423,,,,,,,
circBCL11B,0.95173925,#N/A,,,,,,,
mm9-circ-012559,0.95168346,#N/A,,,,,,,
mmu_circ_0000254,0.94777536,#N/A,,,,,,,
hsa_circ_0076305,0.94736904,hsa_circ_0076305,,,,,,,
hsa_circ_002059,0.9472284,hsa_circ_002059,,,,,,,
hsa_circ_0000098,0.9464131,#N/A,,,,,,,
hsa_circ_0001017,0.9463127,hsa_circ_0001017,,,,,,,
hsa_circ_0001821,0.94573236,hsa_circ_0001821,,,,,,,
circPVT1,0.94510347,circPVT1,,,,,,,
hsa_circ_0002874,0.9424475,#N/A,,,,,,,
hsa_circ_0085495,0.94236296,#N/A,,,,,,,
circRNA-000911,0.9411599,#N/A,,,,,,,
hsa_circ_406697,0.94064647,#N/A,,,,,,,
hsa_circ_0001283,0.93965495,#N/A,,,,,,,
hsa_circ_0008945,0.9392347,#N/A,,,,,,,
hsa_circ_0001667,0.93894017,#N/A,,,,,,,
hsa_circ_0058246,0.93889266,hsa_circ_0058246,,,,,,,
HRCR,0.93787867,#N/A,,,,,,,
hsa_circ_0032821,0.9368426,hsa_circ_0032821,,,,,,,
hsa_circ_104821,0.9334122,#N/A,,,,,,,
MCF7_circ_000595,0.93159306,#N/A,,,,,,,
circAmotl1,0.9309714,#N/A,,,,,,,
circRNA-001175,0.9301659,#N/A,,,,,,,
hsa_circ_0006528,0.9297713,#N/A,,,,,,,
circATP2B1,0.92879015,#N/A,,,,,,,
hsa_circ_0000893,0.9281491,#N/A,,,,,,,
hsa_circ_0000981,0.9276501,#N/A,,,,,,,
hsa_circ_0086241,0.9274218,#N/A,,,,,,,
circABCB10,0.92729497,#N/A,,,,,,,
hsa_circ_0001721,0.92689085,#N/A,,,,,,,
hsa_circ_0000732,0.9263944,#N/A,,,,,,,
hsa_circ_0000426,0.9261161,#N/A,,,,,,,
hsa_circ_0011946,0.9244474,#N/A,,,,,,,
hsa_circ_0008717,0.924136,#N/A,,,,,,,
hsa_circ_0001785,0.92319465,#N/A,,,,,,,
circRNA-001283,0.9215108,#N/A,,,,,,,
circDENND4C,0.91954297,#N/A,,,,,,,
hsa_circ_0004619,0.91742516,#N/A,,,,,,,
hsa_circ_000826,0.91653734,#N/A,,,,,,,
hsa_circ_0001982,0.9155517,#N/A,,,,,,,
circBRIP,0.9131,#N/A,,,,,,,
hsa_circ_0093859,0.9123319,#N/A,,,,,,,
hsa_circ_0006054,0.91230243,#N/A,,,,,,,
hsa_circ_104689,0.91206217,#N/A,,,,,,,
circOLA,0.91167,#N/A,,,,,,,
hsa_circ_0001824,0.9086945,#N/A,,,,,,,
hsa_circ_100219,0.90784556,#N/A,,,,,,,
hsa_circ_0018293,0.9073653,#N/A,,,,,,,
circUBAP2,0.907014,#N/A,,,,,,,
hsa_circ_0108942,0.90570766,#N/A,,,,,,,
hsa_circ_0003838,0.89784396,#N/A,,,,,,,
circMED13,0.89745176,#N/A,,,,,,,
hsa_circ_0092276,0.89612496,#N/A,,,,,,,
hsa_circRNA_103595,0.8945027,#N/A,,,,,,,
hsa_circ_103110,0.892399,#N/A,,,,,,,
circMAN2B2,0.8888175,#N/A,,,,,,,
hsa_circ_0001875,0.8874181,#N/A,,,,,,,
circRNA_102231,0.887075,#N/A,,,,,,,
hsa_circ_0000064,0.8812523,#N/A,,,,,,,
hsa_circ_0004214,0.8767427,#N/A,,,,,,,
CircSLC8A1-1,0.87522584,#N/A,,,,,,,
hsa_circ_0068033,0.8659779,#N/A,,,,,,,
hsa_circ_0000911,0.86550415,#N/A,,,,,,,
rno_circRNA_006016,0.86269844,#N/A,,,,,,,
circETFA,0.8585573,#N/A,,,,,,,
hsa_circ_0005870,0.83856714,#N/A,,,,,,,
hsa_circ_0003570,0.8151772,#N/A,,,,,,,
hsa_circ_0058058,0.81146306,#N/A,,,,,,,
hsa_circ_001013,0.7967335,hsa_circ_001013,,,,,,,
hsa_circRNA_103809,0.78495383,#N/A,,,,,,,
hsa_circ_0109046,0.7795174,#N/A,,,,,,,
circHIAT1,0.7561753,circHIAT1,,,,,,,
hsa_circ_0000096,0.73569053,hsa_circ_0000096,,,,,,,
hsa_circ_0021553,0.7237162,#N/A,,,,,,,
hsa_circ_0002577,0.7225195,#N/A,,,,,,,
hsa_circ_0004846,0.7169769,#N/A,,,,,,,
hsa_circ_0008016,0.7061081,#N/A,,,,,,,
hsa_circRNA_104566,0.68776006,#N/A,,,,,,,
hsa_circ_0091894,0.6864939,#N/A,,,,,,,
hsa_circRNA_100395,0.6835209,#N/A,,,,,,,
mmu_circ_0001052,0.6835067,#N/A,,,,,,,
hsa_circRNA_105038,0.6774003,#N/A,,,,,,,
hsa_circRNA_100777,0.6757978,#N/A,,,,,,,
hsa_circ_0012673,0.6651879,#N/A,,,,,,,
hsa_circ_0064557,0.6547356,#N/A,,,,,,,
hsa_circ_0035381,0.6454224,#N/A,,,,,,,
circNPM1,0.64369947,#N/A,,,,,,,
hsa_circRNA_102002,0.63763994,#N/A,,,,,,,
hsa_circ_0003505,0.63323194,#N/A,,,,,,,
circRNA_0001073,0.63248426,#N/A,,,,,,,
hsa_circRNA_104565,0.6276939,#N/A,,,,,,,
hsa_circ_0013958,0.62290484,#N/A,,,,,,,
hsa_circRNA_001379,0.614048,#N/A,,,,,,,
hsa_circ_0017446,0.6134919,#N/A,,,,,,,
hsa_circ_0004136,0.61225486,#N/A,,,,,,,
hsa_circRNA_103454,0.61124057,#N/A,,,,,,,
hsa_circ_0084927,0.6095215,#N/A,,,,,,,
circRTN4,0.6081352,#N/A,,,,,,,
circRHOBTB3,0.6071862,#N/A,,,,,,,
hsa_circ_0007534,0.6046459,#N/A,,,,,,,
circRNA_0005941,0.6045468,#N/A,,,,,,,
hsa_circRNA_104595,0.6026769,#N/A,,,,,,,
hsa_circ_0092315,0.5998756,#N/A,,,,,,,
hsa_circ_0081342,0.5989106,#N/A,,,,,,,
hsa_circRNA_104348,0.5960395,#N/A,,,,,,,
hsa_circ_0015278,0.59592074,#N/A,,,,,,,
hsa_circRNA_400064,0.59168166,#N/A,,,,,,,
hsa_circ_0079891,0.5885578,#N/A,,,,,,,
circPRKCI,0.5878761,#N/A,,,,,,,
circRNA_0086376,0.5827643,#N/A,,,,,,,
hsa_circRNA_006411,0.58196217,#N/A,,,,,,,
hsa_circ_0067103,0.5815853,#N/A,,,,,,,
hsa_circRNA_404833,0.5814319,#N/A,,,,,,,
circSMARC1A,0.5798662,#N/A,,,,,,,
circARHGAP5,0.57724804,#N/A,,,,,,,
hsa_circ_0004458,0.57602847,#N/A,,,,,,,
circRNA_0018168,0.5755749,#N/A,,,,,,,
circFAT1,0.5753053,#N/A,,,,,,,
hsa_circ_0004277,0.5751022,#N/A,,,,,,,
hsa_circ_0002111,0.57309544,#N/A,,,,,,,
hsa_circ_0078738,0.57208174,#N/A,,,,,,,
circRNA_0084927,0.5714113,#N/A,,,,,,,
hsa_circRNA_104433,0.56868577,#N/A,,,,,,,
hsa_circRNA_401977,0.56858456,#N/A,,,,,,,
hsa_circ_0005941,0.56333315,#N/A,,,,,,,
hsa_circ_0018168,0.54914564,#N/A,,,,,,,
hsa_circ_0086376,0.54632556,#N/A,,,,,,,
hsa_circ_0075001,0.5383029,#N/A,,,,,,,
hsa_circ_0001073,0.53516996,#N/A,,,,,,,
CircDOCK1,0.5345965,#N/A,,,,,,,
hsa_circ_0000516,0.52644056,#N/A,,,,,,,
hsa_circRNA_102101,0.5196978,#N/A,,,,,,,
hsa_circRNA_103307,0.51857775,#N/A,,,,,,,
hsa_circ_100721,0.50724256,#N/A,,,,,,,
hsa_circRNA_101356,0.49160868,#N/A,,,,,,,
circRNA.5333,0.48937157,#N/A,,,,,,,
hsa_circRNA_104268,0.48383868,#N/A,,,,,,,
hsa_circ_102470,0.47037196,#N/A,,,,,,,
hsa_circRNA_104964,0.46287677,#N/A,,,,,,,
hsa_ circRNA_005086,0.4601404,#N/A,,,,,,,
circRNA9656,0.4565473,#N/A,,,,,,,
Circ-ZNF609,0.43931043,#N/A,,,,,,,
hsa-circRNA11806-28,0.43207788,#N/A,,,,,,,
circRNA.22054,0.43158522,#N/A,,,,,,,
hsa_circ_0001204 ,0.42323554,#N/A,,,,,,,
hsa_circRNA_009024,0.42050597,#N/A,,,,,,,
hsa_circ_103783,0.40741202,#N/A,,,,,,,
circRNA.37134,0.40221635,#N/A,,,,,,,
hsa-circRNA11783-2,0.4012404,#N/A,,,,,,,
hsa_circ_0001417,0.3978583,#N/A,,,,,,,
circRNA.1030,0.3907394,#N/A,,,,,,,
hsa_circ_0030045,0.39029086,#N/A,,,,,,,
hsa_circ_102533 ,0.38987702,#N/A,,,,,,,
circRNA9671,0.38132906,#N/A,,,,,,,
hsa_circ_0030569,0.37847078,#N/A,,,,,,,
hsa-circRNA6510-1,0.3777121,#N/A,,,,,,,
circRNA.33299,0.37473735,#N/A,,,,,,,
hsa_circRNA_001937,0.37175384,#N/A,,,,,,,
hsa_circRNA_104296,0.3654577,#N/A,,,,,,,
hsa_circ_0043497,0.34755814,#N/A,,,,,,,
hsa_circ_0018508,0.34079257,#N/A,,,,,,,
hsa_circ_101396,0.3356068,#N/A,,,,,,,
hsa_circRNA_101720,0.33463502,#N/A,,,,,,,
circRNA.20159,0.33266875,#N/A,,,,,,,
circRNA7676,0.31826997,#N/A,,,,,,,
hsa_circ_0004771,0.3119458,#N/A,,,,,,,
hsa_circRNA_100914,0.3067393,#N/A,,,,,,,
circRNA3706,0.30288547,#N/A,,,,,,,
hsa_circ_0050898,0.2983986,#N/A,,,,,,,
circRNA7537,0.28932956,#N/A,,,,,,,
hsa_circ_0002078,0.2870278,#N/A,,,,,,,
hsa_circ_0113854,0.28655043,#N/A,,,,,,,
hsa_circ_0023903,0.28269184,#N/A,,,,,,,
circRNA9771,0.2801822,#N/A,,,,,,,
circRNA666,0.27686107,#N/A,,,,,,,
hsa_circ_0014717,0.276658,hsa_circ_0014717,,,,,,,
hsa_circ_0124644,0.27434963,#N/A,,,,,,,
circRNA3703,0.2719045,#N/A,,,,,,,
circRNA9777,0.26695892,#N/A,,,,,,,
hsa_circ_0098964,0.265871,#N/A,,,,,,,
circRNA7536,0.2640087,#N/A,,,,,,,
circRNA9227,0.26155967,#N/A,,,,,,,
circRNA8507,0.25645682,#N/A,,,,,,,
hsa_circRNA_103343,0.25606662,#N/A,,,,,,,
hsa_circRNA_050898,0.25444186,#N/A,,,,,,,
hsa_circ_0068087,0.2537889,#N/A,,,,,,,
circRNA4628,0.24949864,#N/A,,,,,,,
circRNA7673,0.24895132,#N/A,,,,,,,
circRNA7674,0.24642938,#N/A,,,,,,,
circRNA7534,0.24608207,#N/A,,,,,,,
circRNA167,0.24459319,#N/A,,,,,,,
hsa_circ_0001212,0.24421558,#N/A,,,,,,,
circRNA2918,0.24383754,#N/A,,,,,,,
hsa_circ_0002569,0.24167642,#N/A,,,,,,,
hsa_circRNA_067209,0.24029863,#N/A,,,,,,,
hsa-circRNA5974-1,0.23982546,#N/A,,,,,,,
hsa_circRNA_102049,0.2381427,#N/A,,,,,,,
hsa_circ_0054633,0.23653084,#N/A,,,,,,,
circRNA378,0.2359798,#N/A,,,,,,,
circRNA3341,0.23464443,#N/A,,,,,,,
circRNA120,0.23418234,#N/A,,,,,,,
circRNA3594,0.2323221,#N/A,,,,,,,
circRNA7679,0.22587916,#N/A,,,,,,,
hsa_circ_0082081,0.22437158,#N/A,,,,,,,
circANRIL,0.2234751,#N/A,,,,,,,
circRNA8505,0.22042045,#N/A,,,,,,,
circRNA8506,0.21804744,#N/A,,,,,,,
circRNA9652,0.21301919,#N/A,,,,,,,
hsa_circ_0002343,0.2108854,#N/A,,,,,,,
cANRIL,0.21006256,#N/A,,,,,,,
hsa_circ_0069399,0.20910132,#N/A,,,,,,,
circRNA5669,0.20693111,#N/A,,,,,,,
circRNA904,0.20672134,#N/A,,,,,,,
hsa_circ_0001187,0.20466223,#N/A,,,,,,,
hsa_circ_0007928,0.20451297,#N/A,,,,,,,
circRNA9658,0.20042148,#N/A,,,,,,,
hsa_circ_0067209,0.19602716,#N/A,,,,,,,
hsa_circ_0008844,0.18923917,#N/A,,,,,,,
hsa_circ_0002019,0.18767454,#N/A,,,,,,,
circRNA3707,0.18546446,#N/A,,,,,,,
hsa_circ_0062557,0.18542922,#N/A,,,,,,,
hsa circ 0031288,0.17971486,#N/A,,,,,,,
circRNA_100367,0.17650953,#N/A,,,,,,,
circRNA_000167,0.17125145,#N/A,,,,,,,
circPABPN1,0.16239086,#N/A,,,,,,,
circ_0002198,0.16157109,#N/A,,,,,,,
hsa_circ_0003575,0.15407778,#N/A,,,,,,,
circRNA7535,0.15306173,#N/A,,,,,,,
circ_0004712,0.15214121,#N/A,,,,,,,
hsa_circ_0002198,0.15118848,#N/A,,,,,,,
circRNA7675,0.1510303,#N/A,,,,,,,
hsa_circ_0001336,0.1504457,#N/A,,,,,,,
hsa_circ_0000673,0.14498289,#N/A,,,,,,,
hsa_circ_0026143,0.14328565,#N/A,,,,,,,
hsa_circ_0004519,0.14184129,#N/A,,,,,,,
circRNA_102913,0.14119655,#N/A,,,,,,,
circRNA_001059,0.13891406,#N/A,,,,,,,
circRNA_104983,0.13735218,#N/A,,,,,,,
hsa_circ_0089974,0.1360996,#N/A,,,,,,,
circRNA0003906,0.13375595,#N/A,,,,,,,
hsa_circ_0023115,0.12986955,#N/A,,,,,,,
hsa_circ_0000554,0.12789552,#N/A,,,,,,,
hsa_circ_0001955,0.12427173,#N/A,,,,,,,
hsa_circ_103736,0.1217066,#N/A,,,,,,,
circRNA_101877,0.12064563,#N/A,,,,,,,
hsa_circ_0006174,0.11860992,#N/A,,,,,,,
hsa_circ_0007031,0.11817047,#N/A,,,,,,,
hsa_circ_0001451,0.1171923,#N/A,,,,,,,
circRNA_101419,0.11646437,#N/A,,,,,,,
hsa_circ_0007006,0.11633193,#N/A,,,,,,,
hsa_circ_103737,0.113207415,#N/A,,,,,,,
hsa_circ_0000567,0.11034218,#N/A,,,,,,,
hsa_circRNA_102116,0.110208884,#N/A,,,,,,,
circ0817,0.10885622,#N/A,,,,,,,
hsa_circ_0032832,0.10873861,#N/A,,,,,,,
hsa_circ_0074930,0.10780161,#N/A,,,,,,,
hsa_circRNA_104700,0.10769443,#N/A,,,,,,,
hsa_circ_101555,0.10704013,#N/A,,,,,,,
hsa_circ_0070933,0.105289236,#N/A,,,,,,,
hsa_circ_0014879,0.10524982,#N/A,,,,,,,
circ-KLDHC10,0.104972884,#N/A,,,,,,,
hsa_circ_0001724,0.104798146,#N/A,,,,,,,
hsa_circ_0008509,0.1041805,#N/A,,,,,,,
hsa_circ_0048232,0.104164995,#N/A,,,,,,,
circRNA_100984,0.104105696,#N/A,,,,,,,
circ7374,0.1016468,#N/A,,,,,,,
circRNA_000695,0.10143564,#N/A,,,,,,,
hsa_circRNA_100709,0.10089495,#N/A,,,,,,,
mmu_circRNA_19423,0.10071981,#N/A,,,,,,,
hsa_circ_0000504,0.099161424,#N/A,,,,,,,
circ7780,0.099030435,#N/A,,,,,,,
hsa_circ_0000069,0.09839141,#N/A,,,,,,,
circ-BANP,0.09767797,#N/A,,,,,,,
hsa_circ_0000677,0.09714922,#N/A,,,,,,,
rno_circRNA_010489,0.09576716,#N/A,,,,,,,
hsa_circRNA_102039,0.09514618,#N/A,,,,,,,
mmu_circRNA_30664,0.094874986,#N/A,,,,,,,
hsa_circ_0070934,0.09421277,#N/A,,,,,,,
hsa_circ_0051239,0.09415549,#N/A,,,,,,,
hsa_circ_0084021,0.09362917,#N/A,,,,,,,
circHECTD1,0.09333235,#N/A,,,,,,,
circ3204,0.09319744,#N/A,,,,,,,
hsa_circRNA_104310,0.09307006,#N/A,,,,,,,
circ6229,0.09275772,#N/A,,,,,,,
hsa_circ_000984,0.091459095,#N/A,,,,,,,
rno_circRNA_011426,0.091149054,#N/A,,,,,,,
hsa_circ_001569,0.09102176,#N/A,,,,,,,
hsa_circRNA_102771,0.0896231,#N/A,,,,,,,
hsa_circ_0003258,0.088892855,#N/A,,,,,,,
hsa_circ_0020397,0.08810482,#N/A,,,,,,,
rno_circRNA_013779,0.08747945,#N/A,,,,,,,
mmu_circ_0000375,0.087325014,#N/A,,,,,,,
hsa_circRNA_100933,0.087087125,#N/A,,,,,,,
hsa_circ_0082333,0.08658288,#N/A,,,,,,,
circABCC,0.08654216,#N/A,,,,,,,
hsa_circRNA_051239,0.086176954,#N/A,,,,,,,
rno_circRNA_007512,0.08616702,#N/A,,,,,,,
mm9_circ_002888,0.08582268,#N/A,,,,,,,
circZC3H4,0.085533425,#N/A,,,,,,,
hsa_circ_001988,0.085354775,#N/A,,,,,,,
hsa_circ_0023984,0.083026685,#N/A,,,,,,,
mmu_circ_0001544,0.082900114,#N/A,,,,,,,
hsa_circRNA_101238,0.08283045,#N/A,,,,,,,
rno_circRNA_005564 ,0.08278668,#N/A,,,,,,,
rno_circRNA_011111,0.082510665,#N/A,,,,,,,
hsa_circ_0043138,0.08235111,#N/A,,,,,,,
rno_circRNA_008646,0.082215816,#N/A,,,,,,,
rno_circRNA_007419,0.08219914,#N/A,,,,,,,
rno_circRNA_008973,0.08144949,#N/A,,,,,,,
hsa_circRNA_102683,0.08120966,#N/A,,,,,,,
rno_circRNA_35215,0.08094652,#N/A,,,,,,,
hsa_circRNA_005525,0.08001148,#N/A,,,,,,,
hsa_circ_0084615,0.07997186,#N/A,,,,,,,
hsa_circRNA_103458,0.07951459,#N/A,,,,,,,
hsa_circ_0067175,0.07919104,#N/A,,,,,,,
hsa_circRNA_104349,0.076944016,#N/A,,,,,,,
hsa_circ_0055377,0.076802425,#N/A,,,,,,,
hsa_circ_0079385,0.07663748,#N/A,,,,,,,
rno_circRNA_010913,0.07623526,#N/A,,,,,,,
hsa_circ_0002271,0.07546893,#N/A,,,,,,,
hsa_circ_0079929,0.07514241,#N/A,,,,,,,
hsa_circ_0008732,0.07412607,#N/A,,,,,,,
mmu_circRNA_006173,0.0733608,#N/A,,,,,,,
hsa_circ_0004372,0.07306605,#N/A,,,,,,,
circBC048201,0.07260036,#N/A,,,,,,,
hsa_circRNA_103110,0.0724657,#N/A,,,,,,,
circPTK2,0.0724287,#N/A,,,,,,,
hsa_circ_0005525,0.07195842,#N/A,,,,,,,
hsa_circ_0001189,0.07188552,#N/A,,,,,,,
hsa_circ_0005912,0.07147062,#N/A,,,,,,,
hsa_circRNA_104634,0.07146969,#N/A,,,,,,,
hsa_circ_0058106,0.07046849,#N/A,,,,,,,
hsa_circ_0058107,0.07027933,#N/A,,,,,,,
mmu_circRNA_006229,0.06981914,#N/A,,,,,,,
mmu_circRNA_013699,0.06920652,#N/A,,,,,,,
hsa_circ_0036722,0.06908402,#N/A,,,,,,,
mmu_circRNA_017963,0.06884443,#N/A,,,,,,,
hsa_circ_0005273,0.06742383,#N/A,,,,,,,
Chr9: 74522734,0.067405626,#N/A,,,,,,,
mmu_circRNA_003540,0.06739062,#N/A,,,,,,,
hsa_circRNA_002271,0.067347884,#N/A,,,,,,,
hsa_circ_0075829,0.06664327,#N/A,,,,,,,
hsa_circ_0024108,0.06618102,#N/A,,,,,,,
hsa_circ_001598,0.06578634,#N/A,,,,,,,
hsa_circ_0002260,0.06549563,#N/A,,,,,,,
hsa_circ_0082582,0.06525801,#N/A,,,,,,,
hsa_circRNA_004183,0.065246,#N/A,,,,,,,
circRNA BCRC4,0.064347915,#N/A,,,,,,,
circZFR,0.063802,#N/A,,,,,,,
hsa_circ_0002024,0.06378079,#N/A,,,,,,,
hsa_circ_0041103,0.06351388,#N/A,,,,,,,
mmu_circRNA_012180,0.063175015,#N/A,,,,,,,
circRNA-MYLK,0.063160695,#N/A,,,,,,,
hsa_circ_0002768,0.063149944,#N/A,,,,,,,
circFAM169A,0.06288836,#N/A,,,,,,,
hsa_circRNA_000367,0.062722415,#N/A,,,,,,,
hsa_circ_0003221,0.06253373,#N/A,,,,,,,
hsa_circRNA_101368,0.06239398,#N/A,,,,,,,
hsa_circ_0072088,0.062184386,#N/A,,,,,,,
hsa_circ_0061265,0.061949655,#N/A,,,,,,,
hsa_circRNA_002082,0.060506064,#N/A,,,,,,,
hsa_circ_0003028,0.06035407,#N/A,,,,,,,
Chr5: 158368701,0.06026138,#N/A,,,,,,,
circTCF25,0.059817944,#N/A,,,,,,,
circRNA_002581,0.059658054,#N/A,,,,,,,
hsa_circRNA_004121,0.0596279,#N/A,,,,,,,
hsa_circ_0064996,0.05942069,#N/A,,,,,,,
hsa_circ_0002495,0.059149843,#N/A,,,,,,,
hsa_circ_0000172,0.058883842,#N/A,,,,,,,
circRNA_0046366,0.058809765,#N/A,,,,,,,
circTRIM24,0.058543336,#N/A,,,,,,,
Chr22: 28943661,0.058512803,#N/A,,,,,,,
mm9_circ_002581,0.058319036,#N/A,,,,,,,
hsa_circRNA_104692,0.05804769,#N/A,,,,,,,
has-circRNA_0046367,0.057797693,#N/A,,,,,,,
hsa_circ_0001577,0.05722368,#N/A,,,,,,,
hsa_circRNA_102594,0.05720486,#N/A,,,,,,,
circMylk,0.056942254,#N/A,,,,,,,
circRNA_007585,0.056895018,#N/A,,,,,,,
hsa_circ_0007915,0.056748472,#N/A,,,,,,,
hsa_circRNA_104980,0.056603506,#N/A,,,,,,,
hsa_circRNA_014724,0.056495767,#N/A,,,,,,,
hsa_circ_0091017,0.05641391,#N/A,,,,,,,
hsa_circRNA_007850,0.056074392,#N/A,,,,,,,
hsa_circ_0083964,0.055702616,#N/A,,,,,,,
circRNA_101873,0.05526338,#N/A,,,,,,,
hsa_circ_0032683,0.055120993,#N/A,,,,,,,
mmu_circ_0001046,0.054961894,#N/A,,,,,,,
hsa_circ_0056288,0.05470744,#N/A,,,,,,,
circ-NT5C2,0.054448616,#N/A,,,,,,,
hsa_circ_10072088,0.05444831,#N/A,,,,,,,
circRNA_012164,0.0541206,#N/A,,,,,,,
hsa_circRNA_104194,0.05409282,#N/A,,,,,,,
hsa_circ_0002113,0.053764917,#N/A,,,,,,,
mmu_circ_0001351,0.05372046,#N/A,,,,,,,
circRNA_003524,0.05368819,#N/A,,,,,,,
hsa_circRNA_102678,0.053420976,#N/A,,,,,,,
circRNA_002279,0.053333577,#N/A,,,,,,,
cir-GLI2,0.053135533,#N/A,,,,,,,
hsa_circRNA_103801,0.05307714,#N/A,,,,,,,
hsa_circRNA_100241,0.053031594,#N/A,,,,,,,
hsa_circ_0001564,0.05290297,#N/A,,,,,,,
hsa_circRNA_104892,0.052508067,#N/A,,,,,,,
hsa_circRNA_104593,0.052416146,#N/A,,,,,,,
hsa_circRNA_102485,0.05237669,#N/A,,,,,,,
hsa_circRNA_101407,0.052336823,#N/A,,,,,,,
hsa_circRNA_103309,0.052321244,#N/A,,,,,,,
hsa_circ_0007158,0.052292183,#N/A,,,,,,,
circIPO11,0.051959068,#N/A,,,,,,,
circRNA_103047,0.05182447,#N/A,,,,,,,
hsa_circ_0092509,0.051807575,#N/A,,,,,,,
circRNA_092516,0.051792763,#N/A,,,,,,,
mm9_circ_004772,0.051695805,#N/A,,,,,,,
mm9_circ_012164,0.05143727,#N/A,,,,,,,
hsa_circRNA_103847,0.05136603,#N/A,,,,,,,
hsa_ circRNA_104387,0.05116374,#N/A,,,,,,,
circRNA_104871,0.051041648,#N/A,,,,,,,
hsa_circ_0016347,0.050980188,#N/A,,,,,,,
hsa_circ_0052012,0.050711952,#N/A,,,,,,,
hsa_circRNA_103334,0.050597403,#N/A,,,,,,,
hsa_circRNA_100258,0.050596762,#N/A,,,,,,,
circRNA_008472,0.050534792,#N/A,,,,,,,
hsa_circ_0009910,0.050515715,#N/A,,,,,,,
hsa_circRNA_101113,0.05027934,#N/A,,,,,,,
circFUT8,0.0500532,#N/A,,,,,,,
hsa_circRNA_103410,0.049378548,#N/A,,,,,,,
mm9_circ_008472,0.049322207,#N/A,,,,,,,
hsa_circ_0001859,0.04864834,#N/A,,,,,,,
hsa_circRNA_063981,0.048337877,#N/A,,,,,,,
mm9_circ_002279,0.047952715,#N/A,,,,,,,
circRNA_004772,0.04778918,#N/A,,,,,,,
hsa_circRNA_406918,0.0475558,#N/A,,,,,,,
hsa_circRNA_ 404457,0.047411818,#N/A,,,,,,,
hsa_circRNA_ 100192,0.04704241,#N/A,,,,,,,
mm9_circ_007585,0.046446677,#N/A,,,,,,,
hsa_circRNA_100750,0.04557829,#N/A,,,,,,,
hsa_circ_0000518,0.042805064,#N/A,,,,,,,
hsa_circ_0005540,0.042702593,#N/A,,,,,,,
hsa_circRNA_104820,0.040929817,#N/A,,,,,,,
circC3P1,0.040633902,#N/A,,,,,,,
CircARSP91,0.04004272,#N/A,,,,,,,
circMTO1,0.04003235,#N/A,,,,,,,
EFCAB11,0.03995883,#N/A,,,,,,,
hsa_circ_0002362,0.039952356,#N/A,,,,,,,
hsa_circRNA 102049,0.03988832,#N/A,,,,,,,
hsa_circRNA_104075,0.03947489,#N/A,,,,,,,
circCRIM1,0.03910216,#N/A,,,,,,,
hsa_circ_0005075,0.0390883,#N/A,,,,,,,
hsa_circ_0001727,0.039000858,#N/A,,,,,,,
hsa_circRNA_104135,0.038964856,#N/A,,,,,,,
hsa_circ_0005218,0.0389363,#N/A,,,,,,,
hsa_circ_0005442,0.038512055,#N/A,,,,,,,
hsa_circ_0029601,0.038468793,#N/A,,,,,,,
circRNA_13478,0.03846232,#N/A,,,,,,,
circZKSCAN1,0.038215473,#N/A,,,,,,,
circSNX27,0.038135312,#N/A,,,,,,,
circRNA_09993,0.037910223,#N/A,,,,,,,
circRNA_00074,0.037741996,#N/A,,,,,,,
hsa_circ_0000414,0.037609052,#N/A,,,,,,,
hsa_circRNA_100338,0.03759109,#N/A,,,,,,,
hsa_circ_0000517,0.037399888,#N/A,,,,,,,
hsa_circ_0067531,0.037314817,#N/A,,,,,,,
hsa_circ_0056731,0.037287354,#N/A,,,,,,,
circRNA_000839,0.037028357,#N/A,,,,,,,
hsa_circ_0005986,0.03698737,#N/A,,,,,,,
hsa_circ_0000520,0.036946163,hsa_circ_0000520,,,,,,,
hsa_circ_0004018,0.036874782,#N/A,,,,,,,
DTNA,0.036809165,#N/A,,,,,,,
hsa_circ_0038374,0.03671599,#N/A,,,,,,,
MAP4K3,0.03671073,#N/A,,,,,,,
circRNA_14623,0.036616813,#N/A,,,,,,,
GSDMB ecircRNA,0.036567576,#N/A,,,,,,,
MCTP1,0.036561355,#N/A,,,,,,,
hsa_circ_0054211,0.03654031,#N/A,,,,,,,
hsa_circRNA_000598,0.036447633,#N/A,,,,,,,
hsa_circRNA_102682,0.03617592,#N/A,,,,,,,
hsa_circ_0032891,0.036054157,#N/A,,,,,,,
hsa_circ_0001400,0.03574879,#N/A,,,,,,,
hsa_circ_0035560,0.035429392,#N/A,,,,,,,
mmu-circRNA-33736,0.03535593,#N/A,,,,,,,
hsa_circ_0108308,0.035348166,#N/A,,,,,,,
hsa_circ_0106803,0.03527035,#N/A,,,,,,,
hsa_circ_0024892,0.035270076,#N/A,,,,,,,
hsa_circ_0008797,0.035166804,#N/A,,,,,,,
hsa_circ_0085154,0.034769144,#N/A,,,,,,,
hsa_circ_0001819,0.034737304,#N/A,,,,,,,
mmu-circRNA-30365 ,0.034540534,#N/A,,,,,,,
hsa_circRNA_0007874,0.034525335,#N/A,,,,,,,
circFAM120A,0.03424389,#N/A,,,,,,,
hsa_circ_0005402,0.034134123,#N/A,,,,,,,
hsa_circ_101222,0.034127474,#N/A,,,,,,,
hsa_circ_0063179,0.03406917,#N/A,,,,,,,
circ_15898,0.034066062,#N/A,,,,,,,
hsa_circRNA_103387,0.033997145,#N/A,,,,,,,
hsa_circ_0002908,0.033701986,#N/A,,,,,,,
circRNA_05538,0.033622082,#N/A,,,,,,,
mmu-circRNA-2483,0.03354624,#N/A,,,,,,,
hsa_circRNA_101975,0.033523716,#N/A,,,,,,,
circRNA-MSR,0.033303857,#N/A,,,,,,,
IQCK,0.03329147,#N/A,,,,,,,
mmu-circRNA-7063,0.032878313,#N/A,,,,,,,
hsa_circ_0000681,0.032842506,#N/A,,,,,,,
mmu-circRNA-2443,0.032207914,#N/A,,,,,,,
hsa_circ_0005567,0.03205194,#N/A,,,,,,,
mmu-circRNA-33186,0.031887546,#N/A,,,,,,,
hsa_circ_0005105,0.03184832,#N/A,,,,,,,
hsa_circ_0000519,0.03178356,#N/A,,,,,,,
mmu-circRNA-36866,0.031697523,#N/A,,,,,,,
circRNA_Atp9b,0.03132662,#N/A,,,,,,,
circUBR5,0.03128309,#N/A,,,,,,,
circFAM188A,0.031066813,#N/A,,,,,,,
hsa_circ_0003922,0.031032566,#N/A,,,,,,,
hsa_circ_0045714,0.030876804,#N/A,,,,,,,
hsa_circ_0034912,0.030707514,#N/A,,,,,,,
circRNA_09585,0.030656893,#N/A,,,,,,,
circZNF609,0.030630272,#N/A,,,,,,,
circRNA-000284,0.030055884,#N/A,,,,,,,
circHLA-C,0.030028706,#N/A,,,,,,,
hsa_circ_0000175,0.029956432,#N/A,,,,,,,
hsa_circ_0000219,0.029876623,#N/A,,,,,,,
hsa_circ_0006988,0.02955063,#N/A,,,,,,,
circPDE4B,0.029531395,#N/A,,,,,,,
circSP100,0.029521825,#N/A,,,,,,,
circEKL4,0.02951388,#N/A,,,,,,,
hsa_circRNA_104953,0.029412761,#N/A,,,,,,,
hsa_circ_0000977,0.029346561,#N/A,,,,,,,
hsa_circ_0091822,0.029146507,#N/A,,,,,,,
hsa_circ_0078297,0.028965289,#N/A,,,,,,,
hsa_circ_0008433,0.028861877,#N/A,,,,,,,
hsa_circ_0011021,0.028842557,#N/A,,,,,,,
hsa_circ_0001410,0.028436244,#N/A,,,,,,,
hsa_circ_0008305,0.028379263,#N/A,,,,,,,
hsa_circ_0087432,0.028315308,#N/A,,,,,,,
hsa_circRNA_100679,0.028249582,#N/A,,,,,,,
hsa_circ_0018289,0.028246425,#N/A,,,,,,,
hsa_circ_0041946,0.027821124,#N/A,,,,,,,
hsa_circ_0005397,0.027792577,#N/A,,,,,,,
hsa_circ_0080210,0.027481446,#N/A,,,,,,,
hsa_circRNA_102619,0.027452301,#N/A,,,,,,,
hsa_circ_0089231,0.027383918,#N/A,,,,,,,
circ-GRB10,0.027320392,#N/A,,,,,,,
hsa_circ_0006913,0.027235394,#N/A,,,,,,,
hsa_circRNA_103636,0.027128005,#N/A,,,,,,,
hsa_circ_101471,0.027106468,#N/A,,,,,,,
hsa_circRNA_102802,0.027015349,#N/A,,,,,,,
hsa_circ_101889,0.026998552,#N/A,,,,,,,
hsa_circ_0005620 ,0.02699009,#N/A,,,,,,,
hsa_circRNA_000167,0.026948972,#N/A,,,,,,,
hsa_circRNA_100433,0.02674161,#N/A,,,,,,,
hsa_circRNA_103390,0.026652506,#N/A,,,,,,,
hsa_circRNA_104270,0.026636276,#N/A,,,,,,,
mmu_circ_0000290,0.026563184,#N/A,,,,,,,
circVMA21,0.026538698,#N/A,,,,,,,
hsa_circ_0091702,0.026509024,#N/A,,,,,,,
hsa_circ_0046599,0.026501715,#N/A,,,,,,,
hsa_circ_102571,0.026496852,#N/A,,,,,,,
hsa_circRNA_002143,0.026486134,#N/A,,,,,,,
hsa_circ_0013509,0.026411224,#N/A,,,,,,,
hsa_circ_0005785,0.026370103,#N/A,,,,,,,
circRNA_100782,0.026228514,#N/A,,,,,,,
hsa_circ_104807,0.02612726,#N/A,,,,,,,
circWDR77,0.0261088,#N/A,,,,,,,
hsa_circRNA_101717,0.02596514,#N/A,,,,,,,
hsa_circ_0001907,0.025847469,#N/A,,,,,,,
hsa_circ_0006220,0.025816873,#N/A,,,,,,,
hsa_circRNA_103076,0.025777796,#N/A,,,,,,,
hsa_circ_100226,0.025740994,#N/A,,,,,,,
hsa_circ_100775,0.025692027,#N/A,,,,,,,
hsa_circ_0001666,0.025641628,#N/A,,,,,,,
hsa_circ_0023404,0.02561532,#N/A,,,,,,,
MFACR,0.025609588,#N/A,,,,,,,
hsa_circRNA_104084,0.025574183,#N/A,,,,,,,
hsa_circ_0041150,0.025570115,#N/A,,,,,,,
hsa_circ_0021549,0.025513781,#N/A,,,,,,,
hsa_circ_0043278,0.025504526,#N/A,,,,,,,
hsa_circ_102584,0.025430782,#N/A,,,,,,,
chr8:71336875|71337745,0.025408888,#N/A,,,,,,,
hsa_circ_0008719,0.025397453,#N/A,,,,,,,
hsa_circ_0034398,0.025356311,#N/A,,,,,,,
hsa_circ_0089310,0.025340326,#N/A,,,,,,,
hsa_circ_0000257,0.025212998,#N/A,,,,,,,
hsa_circ_400011,0.02521046,#N/A,,,,,,,
circ-CER,0.025151428,#N/A,,,,,,,
hsa_circ_0008615,0.025126187,#N/A,,,,,,,
hsa_circ_0003146,0.024947694,#N/A,,,,,,,
hsa_circRNA_102051,0.024936456,#N/A,,,,,,,
hsa_circ_0040705,0.024914652,#N/A,,,,,,,
mm9-circ-016597,0.024904985,#N/A,,,,,,,
chr11:34060062|34073206,0.024783997,#N/A,,,,,,,
hsa_circ_0092374,0.024769146,#N/A,,,,,,,
circ-LDLRAD3,0.024743335,#N/A,,,,,,,
hsa_circ_0001866,0.024699647,#N/A,,,,,,,
hsa_circ_0056048,0.024662353,#N/A,,,,,,,
chr6:22033342|22038870,0.024575334,#N/A,,,,,,,
hsa_circ_0023117,0.024549868,#N/A,,,,,,,
hsa_circ_0079549,0.024472633,#N/A,,,,,,,
hsa_circ_0067745,0.024399031,#N/A,,,,,,,
circBRAF,0.024362454,#N/A,,,,,,,
hsa_circ_0005603,0.024311695,#N/A,,,,,,,
chr18:107887-108499,0.024217103,#N/A,,,,,,,
circRNA_100876,0.02419421,#N/A,,,,,,,
hsa_circ_0006460,0.024018733,#N/A,,,,,,,
chr5:90817794|90827570,0.02399043,#N/A,,,,,,,
chr4:103501692-103504114,0.023979215,#N/A,,,,,,,
hsa_circ_0005931,0.023909776,#N/A,,,,,,,
hsa_circ_0023114,0.02387644,#N/A,,,,,,,
hsa_circ_0006411,0.02382759,#N/A,,,,,,,
hsa_circ_0041731,0.023765495,#N/A,,,,,,,
hsa_circ_0062163,0.023675773,#N/A,,,,,,,
hsa_circ_0015756,0.023637429,#N/A,,,,,,,
hsa_circ_0004872,0.023588063,#N/A,,,,,,,
hsa_circ_0008345,0.023565313,#N/A,,,,,,,
hsa_circ_0057336,0.02351306,#N/A,,,,,,,
hsa_circ_0040081,0.023512721,#N/A,,,,,,,
hsa_circ_0078710,0.02347453,#N/A,,,,,,,
hsa_circ_0000199,0.023452122,#N/A,,,,,,,
hsa_circ_0017515,0.023421139,#N/A,,,,,,,
hsa_circ_0043534,0.023410225,#N/A,,,,,,,
circ-Foxo3,0.02340593,#N/A,,,,,,,
hsa_circ_0072359,0.023328591,#N/A,,,,,,,
hsa_circ_0001566,0.023321975,#N/A,,,,,,,
hsa_circ_0023110,0.02328361,#N/A,,,,,,,
hsa_circ_0002968,0.023218269,#N/A,,,,,,,
hsa_circ_0014130,0.023149803,#N/A,,,,,,,
hsa_circ_0003586,0.023122527,#N/A,,,,,,,
hsa_circ_0007385,0.023076076,#N/A,,,,,,,
hsa_circ_0045510,0.023011092,#N/A,,,,,,,
hsa_circ_0016760,0.022953635,#N/A,,,,,,,
hsa_circ_0066077,0.022912173,#N/A,,,,,,,
hsa_circ_0043256,0.02287539,#N/A,,,,,,,
chr19:5761476-5761630,0.02277256,#N/A,,,,,,,