circRNA,prob,Evidence,,,,,CDR1as,1,hepatocellular carcinoma,34
hsa_circ_0000615,0.9999765,https://doi.org/10.1038/s41419-020-2441-0,,,,,CircARSP91,50,hepatocellular carcinoma,34
CDR1as,0.9993087,CDR1as,,,,,circC3P1,57,hepatocellular carcinoma,34
ciRS-7,0.9992866,ciRS-7,,,,,circHIPK3,75,hepatocellular carcinoma,34
cZNF609,0.9986193,https://doi.org/10.1038/s41419-020-2441-0,,,,,circMTO1,83,hepatocellular carcinoma,34
hsa_circ_0007386,0.99738437,#N/A,,,,,circRNA_000839,107,hepatocellular carcinoma,34
circHIPK3,0.9969146,circHIPK3,,,,,circSMARCA5,187,hepatocellular carcinoma,34
hsa_circ_0000284,0.9967629,hsa_circ_0000284,,,,,circSNX27,188,hepatocellular carcinoma,34
mmu_circ_0001878,0.98693943,#N/A,,,,,circZKSCAN1,201,hepatocellular carcinoma,34
hsa_circ_0067934,0.9538772,hsa_circ_0067934,,,,,Cir-ITCH,205,hepatocellular carcinoma,34
hsa_circ_0004712,0.95216924,#N/A,,,,,ciRS-7,206,hepatocellular carcinoma,34
GSDMB ecircRNA,0.94975644,#N/A,,,,,hsa_circ_0000284,235,hepatocellular carcinoma,34
hsa_circRNA_000598,0.9495539,#N/A,,,,,hsa_circ_0001141,259,hepatocellular carcinoma,34
hsa_circ_0000520,0.9492942,27258521,,,,,hsa_circ_0001445,270,hepatocellular carcinoma,34
hsa_circ_0004018,0.94886446,hsa_circ_0004018,,,,,hsa_circ_0001649,276,hepatocellular carcinoma,34
hsa_circ_0005986,0.9482142,hsa_circ_0005986,,,,,hsa_circ_0001727,281,hepatocellular carcinoma,34
circRNA_000839,0.9480761,circRNA_000839,,,,,hsa_circ_0001946,291,hepatocellular carcinoma,34
hsa_circ_0056731,0.94644904,#N/A,,,,,hsa_circ_0003570,318,hepatocellular carcinoma,34
hsa_circ_0001400,0.94617385,#N/A,,,,,hsa_circ_0004018,324,hepatocellular carcinoma,34
hsa_circ_0067531,0.9455278,hsa_circ_0067531,,,,,hsa_circ_0005075,337,hepatocellular carcinoma,34
hsa_circ_0000517,0.9452517,31750237,,,,,hsa_circ_0005986,356,hepatocellular carcinoma,34
hsa_circ_0035560,0.9437204,#N/A,,,,,hsa_circ_001763,409,hepatocellular carcinoma,34
hsa_circ_0024892,0.9425338,#N/A,,,,,hsa_circ_0067531,489,hepatocellular carcinoma,34
mmu-circRNA-33736,0.9424911,#N/A,,,,,hsa_circ_0067934,491,hepatocellular carcinoma,34
hsa_circ_0106803,0.9424513,#N/A,,,,,hsa_circ_0085154,522,hepatocellular carcinoma,34
hsa_circRNA_100338,0.94243497,hsa_circRNA_100338,,,,,hsa_circRNA 102049,575,hepatocellular carcinoma,34
hsa_circ_0001819,0.9386236,#N/A,,,,,hsa_circRNA_0007874,582,hepatocellular carcinoma,34
hsa_circ_0085154,0.9372555,hsa_circ_0085154,,,,,hsa_circRNA_100338,605,hepatocellular carcinoma,34
mmu-circRNA-30365 ,0.9350172,#N/A,,,,,hsa_circRNA_104075,654,hepatocellular carcinoma,34
circSNX27,0.9349689,circSNX27,,,,,hsa_circRNA_104135,656,hepatocellular carcinoma,34
hsa_circRNA_0007874,0.9348771,hsa_circRNA_0007874,,,,,,,,
circZKSCAN1,0.9335465,circZKSCAN1,,,,,,,,
hsa_circ_0005402,0.9317806,#N/A,,,,,,,,
circ_15898,0.9303051,#N/A,,,,,,,,
hsa_circ_0001445,0.93002594,hsa_circ_0001445,,,,,,,,
hsa_circRNA_103387,0.929224,#N/A,,,,,,,,
mmu-circRNA-2483,0.92412317,#N/A,,,,,,,,
hsa_circRNA_101975,0.9239296,#N/A,,,,,,,,
circRNA-MSR,0.9212109,#N/A,,,,,,,,
hsa_circRNA_104135,0.92089415,hsa_circRNA_104135,,,,,,,,
hsa_circ_0001727,0.9199844,hsa_circ_0001727,,,,,,,,
hsa_circ_0005075,0.91870964,hsa_circ_0005075,,,,,,,,
circSMARCA5,0.91784275,circSMARCA5,,,,,,,,
mmu-circRNA-7063,0.9159504,#N/A,,,,,,,,
hsa_circRNA_104075,0.91072226,hsa_circRNA_104075,,,,,,,,
RBM20-dependent TTN circRNAs,0.90972847,#N/A,,,,,,,,
Titin circRNAs,0.9094748,#N/A,,,,,,,,
mmu-circRNA-2443,0.90636426,#N/A,,,,,,,,
hsa_circ_0001649,0.9061075,hsa_circ_0001649,,,,,,,,
hsa_circ_0005567,0.9038916,#N/A,,,,,,,,
hsa_circRNA 102049,0.9027582,hsa_circRNA 102049,,,,,,,,
mmu-circRNA-33186,0.9016042,#N/A,,,,,,,,
hsa_circ_0005105,0.9008643,#N/A,,,,,,,,
hsa_circ_0000519,0.9008325,#N/A,,,,,,,,
MICRA,0.9005908,#N/A,,,,,,,,
circMTO1,0.89915097,circMTO1,,,,,,,,
CircARSP91,0.89898556,CircARSP91,,,,,,,,
mmu-circRNA-36866,0.89846873,#N/A,,,,,,,,
circUBR5,0.89432687,#N/A,,,,,,,,
circRNA_Atp9b,0.89177734,#N/A,,,,,,,,
cTtns,0.89136744,#N/A,,,,,,,,
circFAM188A,0.89011806,#N/A,,,,,,,,
hsa_circ_0003922,0.8893673,#N/A,,,,,,,,
circC3P1,0.88571936,circC3P1,,,,,,,,
hsa_circ_0002161,0.8841744,#N/A,,,,,,,,
hsa_circ_0045714,0.88362145,#N/A,,,,,,,,
circCCDC66,0.881775,#N/A,,,,,,,,
circZNF609,0.88168114,#N/A,,,,,,,,
circRNA_081881,0.88016665,#N/A,,,,,,,,
hsa_circ_0037911,0.86938167,#N/A,,,,,,,,
circHLA-C,0.8692571,#N/A,,,,,,,,
hsa_circ_0000175,0.8676225,#N/A,,,,,,,,
hsa_circ_0001946,0.8671528,hsa_circ_0001946,,,,,,,,
hsa_circ_0000219,0.8657791,#N/A,,,,,,,,
circSP100,0.8578736,#N/A,,,,,,,,
circEKL4,0.85745996,#N/A,,,,,,,,
circPDE4B,0.8573435,#N/A,,,,,,,,
hsa_circ_001763,0.85671437,hsa_circ_001763,,,,,,,,
Cir-ITCH,0.85145855,Cir-ITCH,,,,,,,,
hsa_circRNA_104953,0.84993225,#N/A,,,,,,,,
hsa_circ_0001313,0.84601796,#N/A,,,,,,,,
hsa_circ_0008433,0.8405754,#N/A,,,,,,,,
hsa_circ_0001141,0.8355447,hsa_circ_0001141,,,,,,,,
hsa_circ_0000518,0.8331791,#N/A,,,,,,,,
hsa_circ_0001410,0.8222685,#N/A,,,,,,,,
hsa_circ_0008305,0.8207844,#N/A,,,,,,,,
hsa_circRNA_100679,0.816369,#N/A,,,,,,,,
hsa_circ_0041946,0.80161536,#N/A,,,,,,,,
hsa_circ_0080210,0.788454,#N/A,,,,,,,,
circ-GRB10,0.78195983,#N/A,,,,,,,,
hsa_circ_101471,0.7746192,#N/A,,,,,,,,
hsa_circRNA_103636,0.77436525,#N/A,,,,,,,,
hsa_circ_101889,0.770934,#N/A,,,,,,,,
hsa_circRNA_102802,0.7688016,#N/A,,,,,,,,
hsa_circ_0005620 ,0.76764774,#N/A,,,,,,,,
circVMA21,0.7489114,#N/A,,,,,,,,
hsa_circ_0046599,0.74849975,#N/A,,,,,,,,
hsa_circ_102571,0.7483728,#N/A,,,,,,,,
hsa_circ_0091702,0.7474369,#N/A,,,,,,,,
hsa_circRNA_002143,0.74545676,#N/A,,,,,,,,
hsa_circRNA_100750,0.7354075,#N/A,,,,,,,,
hsa_circ_104807,0.7306169,#N/A,,,,,,,,
hsa_circRNA_100782,0.72876143,#N/A,,,,,,,,
hsa_circ_0001907,0.71289456,#N/A,,,,,,,,
hsa_circ_100226,0.71074533,#N/A,,,,,,,,
hsa_circ_100775,0.7067697,#N/A,,,,,,,,
hsa_circ_0021549,0.69500786,#N/A,,,,,,,,
hsa_circ_102584,0.6891964,#N/A,,,,,,,,
hsa_circ_0023404,0.688895,#N/A,,,,,,,,
hsa_circ_0034398,0.68617964,#N/A,,,,,,,,
hsa_circ_0089310,0.68422866,#N/A,,,,,,,,
hsa_circRNA_ 100192,0.67633283,#N/A,,,,,,,,
hsa_circ_400011,0.6760082,#N/A,,,,,,,,
mm9-circ-012559,0.6750602,#N/A,,,,,,,,
hsa_circ_0008615,0.6714464,#N/A,,,,,,,,
hsa_circRNA_ 404457,0.659927,#N/A,,,,,,,,
hsa_circ_0003146,0.6577857,#N/A,,,,,,,,
hsa_circ_0040705,0.65682733,#N/A,,,,,,,,
mmu_circ_0000254,0.6560521,#N/A,,,,,,,,
circ-CER,0.655354,#N/A,,,,,,,,
hsa_circRNA_406918,0.6542629,#N/A,,,,,,,,
hsa_circ_0001821,0.64446235,#N/A,,,,,,,,
hsa_circ_0092374,0.6433687,#N/A,,,,,,,,
circPVT1,0.64169323,#N/A,,,,,,,,
hsa_circ_0001866,0.6392441,#N/A,,,,,,,,
hsa_circ_0056048,0.6324194,#N/A,,,,,,,,
hsa_circ_0023117,0.6296511,#N/A,,,,,,,,
hsa_circ_0079549,0.62211484,#N/A,,,,,,,,
hsa_circRNA_063981,0.6191174,#N/A,,,,,,,,
hsa_circ_0067745,0.613766,#N/A,,,,,,,,
HRCR,0.61193764,#N/A,,,,,,,,
hsa_circ_0001859,0.59835154,#N/A,,,,,,,,
circRNA_100876,0.57646286,#N/A,,,,,,,,
circATP2B1,0.57574457,#N/A,,,,,,,,
hsa_circRNA_103410,0.5739083,#N/A,,,,,,,,
hsa_circ_0005931,0.5662118,#N/A,,,,,,,,
hsa_circ_0000426,0.5656186,#N/A,,,,,,,,
hsa_circ_0023114,0.5628267,#N/A,,,,,,,,
hsa_circ_0041731,0.5502969,#N/A,,,,,,,,
hsa_circ_0062163,0.53691435,#N/A,,,,,,,,
hsa_circ_0015756,0.5318628,#N/A,,,,,,,,
hsa_circ_000826,0.531854,#N/A,,,,,,,,
hsa_circRNA_101113,0.5229029,#N/A,,,,,,,,
hsa_circ_0040081,0.51457775,#N/A,,,,,,,,
hsa_circ_0009910,0.51269084,#N/A,,,,,,,,
hsa_circ_0078710,0.51232487,#N/A,,,,,,,,
hsa_circRNA_103334,0.51088196,#N/A,,,,,,,,
hsa_circ_0057336,0.51047343,#N/A,,,,,,,,
hsa_circRNA_100258,0.50862086,#N/A,,,,,,,,
hsa_circ_0052012,0.5054526,#N/A,,,,,,,,
hsa_circ_0017515,0.5013008,#N/A,,,,,,,,
circUBAP2,0.5003848,#N/A,,,,,,,,
hsa_circ_0043534,0.49713263,#N/A,,,,,,,,
hsa_ circRNA_104387,0.493886,#N/A,,,,,,,,
hsa_circ_0016347,0.49215305,#N/A,,,,,,,,
circRNA_104871,0.4911213,#N/A,,,,,,,,
hsa_circ_0072359,0.48290566,#N/A,,,,,,,,
hsa_circ_0023110,0.47472504,#N/A,,,,,,,,
hsa_circRNA_103595,0.4650603,#N/A,,,,,,,,
circRNA_092516,0.45822462,#N/A,,,,,,,,
circRNA_103047,0.45746416,#N/A,,,,,,,,
hsa_circ_0092509,0.45643094,#N/A,,,,,,,,
circMAN2B2,0.44994986,#N/A,,,,,,,,
circRNA_102231,0.44544306,#N/A,,,,,,,,
hsa_circ_0007158,0.43632272,#N/A,,,,,,,,
hsa_circRNA_103309,0.4349754,#N/A,,,,,,,,
hsa_circRNA_101407,0.4349691,#N/A,,,,,,,,
hsa_circRNA_104593,0.43210828,#N/A,,,,,,,,
hsa_circRNA_102485,0.43160006,#N/A,,,,,,,,
hsa_circ_0000064,0.43103755,#N/A,,,,,,,,
hsa_circRNA_104892,0.4263826,#N/A,,,,,,,,
hsa_circ_0045510,0.41801816,#N/A,,,,,,,,
CircSLC8A1-1,0.41763976,#N/A,,,,,,,,
hsa_circ_0014130,0.41249654,#N/A,,,,,,,,
hsa_circ_0001564,0.4106976,#N/A,,,,,,,,
hsa_circRNA_100241,0.40483648,#N/A,,,,,,,,
hsa_circRNA_103801,0.40308592,#N/A,,,,,,,,
cir-GLI2,0.4005506,#N/A,,,,,,,,
hsa_circ_0066077,0.397471,#N/A,,,,,,,,
rno_circRNA_006016,0.38996723,#N/A,,,,,,,,
hsa_circRNA_102678,0.3886696,#N/A,,,,,,,,
hsa_circ_0007385,0.388508,#N/A,,,,,,,,
circRNA_003524,0.38026893,#N/A,,,,,,,,
hsa_circRNA_104194,0.365433,#N/A,,,,,,,,
circ-NT5C2,0.3498017,#N/A,,,,,,,,
hsa_circ_0005870,0.34458485,#N/A,,,,,,,,
hsa_circ_0056288,0.33988416,#N/A,,,,,,,,
hsa_circ_0032683,0.3280331,#N/A,,,,,,,,
circRNA_101873,0.32212552,#N/A,,,,,,,,
hsa_circ_0083964,0.30738413,#N/A,,,,,,,,
hsa_circ_0003570,0.30571023,hsa_circ_0003570,,,,,,,,
hsa_circ_0058058,0.30238444,#N/A,,,,,,,,
hsa_circRNA_007850,0.29700312,#N/A,,,,,,,,
hsa_circ_0043256,0.29554087,#N/A,,,,,,,,
hsa_circ_0091017,0.28389305,#N/A,,,,,,,,
hsa_circRNA_014724,0.28330895,#N/A,,,,,,,,
hsa_circ_001013,0.28187096,#N/A,,,,,,,,
hsa_circRNA_104980,0.27673873,#N/A,,,,,,,,
hsa_circ_0016760,0.27549043,#N/A,,,,,,,,
chr19:5761476-5761630,0.27246588,#N/A,,,,,,,,
circMylk,0.26831037,#N/A,,,,,,,,
hsa_circRNA_103809,0.2668062,#N/A,,,,,,,,
hsa_circ_0109046,0.26191613,#N/A,,,,,,,,
hsa_circRNA_102594,0.25978178,#N/A,,,,,,,,
hsa_circ_0001577,0.2586741,#N/A,,,,,,,,
has-circRNA_0046367,0.24440832,#N/A,,,,,,,,
circHIAT1,0.23601866,#N/A,,,,,,,,
hsa_circRNA_104692,0.23437405,#N/A,,,,,,,,
circ-Foxo3,0.22545975,#N/A,,,,,,,,
hsa_circ_0003586,0.22469169,#N/A,,,,,,,,
Chr22: 28943661,0.22309707,#N/A,,,,,,,,
hsa_circ_0002968,0.22275972,#N/A,,,,,,,,
circTRIM24,0.22204895,#N/A,,,,,,,,
circRNA_0046366,0.21788076,#N/A,,,,,,,,
hsa_circ_0000096,0.21654816,#N/A,,,,,,,,
hsa_circ_0000172,0.21380569,#N/A,,,,,,,,
hsa_circ_0001566,0.21011569,#N/A,,,,,,,,
hsa_circ_0002495,0.20724262,#N/A,,,,,,,,
hsa_circ_0002577,0.20592996,#N/A,,,,,,,,
hsa_circ_0064996,0.20081903,#N/A,,,,,,,,
hsa_circ_0000199,0.1977125,#N/A,,,,,,,,
hsa_circRNA_004121,0.19759995,#N/A,,,,,,,,
hsa_circ_0004872,0.19330396,#N/A,,,,,,,,
hsa_circ_0008345,0.19293424,#N/A,,,,,,,,
circTCF25,0.1914571,#N/A,,,,,,,,
Chr5: 158368701,0.18169643,#N/A,,,,,,,,
hsa_circ_0006411,0.1798913,#N/A,,,,,,,,
hsa_circRNA_002082,0.17810099,#N/A,,,,,,,,
mmu_circ_0001052,0.17697707,#N/A,,,,,,,,
chr4:103501692-103504114,0.17445192,#N/A,,,,,,,,
hsa_circ_0006460,0.17419763,#N/A,,,,,,,,
chr5:90817794|90827570,0.17045152,#N/A,,,,,,,,
chr18:107887-108499,0.16714434,#N/A,,,,,,,,
hsa_circ_0005603,0.16593984,#N/A,,,,,,,,
hsa_circ_0012673,0.16438483,#N/A,,,,,,,,
circBRAF,0.16386826,#N/A,,,,,,,,
chr6:22033342|22038870,0.15795714,#N/A,,,,,,,,
hsa_circ_0035381,0.1554117,#N/A,,,,,,,,
circNPM1,0.15483743,#N/A,,,,,,,,
chr11:34060062|34073206,0.1541392,#N/A,,,,,,,,
circ-LDLRAD3,0.15318029,#N/A,,,,,,,,
circRNA_0001073,0.15234149,#N/A,,,,,,,,
mm9-circ-016597,0.15233226,#N/A,,,,,,,,
hsa_circ_0000257,0.1515771,#N/A,,,,,,,,
hsa_circRNA_102051,0.14991486,#N/A,,,,,,,,
hsa_circ_0008719,0.14913075,#N/A,,,,,,,,
hsa_circ_0061265,0.14869756,#N/A,,,,,,,,
hsa_circ_0043278,0.14745219,#N/A,,,,,,,,
hsa_circ_0041150,0.1472711,#N/A,,,,,,,,
chr8:71336875|71337745,0.14679296,#N/A,,,,,,,,
hsa_circ_0013958,0.14653799,#N/A,,,,,,,,
hsa_circ_0001666,0.14646137,#N/A,,,,,,,,
hsa_circ_0084927,0.14531355,#N/A,,,,,,,,
hsa_circ_0072088,0.14507678,#N/A,,,,,,,,
MFACR,0.14483562,#N/A,,,,,,,,
hsa_circ_0006220,0.14479394,#N/A,,,,,,,,
hsa_circ_0017446,0.1446826,#N/A,,,,,,,,
hsa_circ_0004136,0.1444022,#N/A,,,,,,,,
circRNA_0005941,0.14415403,#N/A,,,,,,,,
hsa_circRNA_104084,0.14393549,#N/A,,,,,,,,
circRTN4,0.1439052,#N/A,,,,,,,,
circRHOBTB3,0.14359163,#N/A,,,,,,,,
hsa_circRNA_103076,0.141808,#N/A,,,,,,,,
circRNA_100782,0.14161229,#N/A,,,,,,,,
circWDR77,0.1403904,#N/A,,,,,,,,
hsa_circ_0005785,0.14016974,#N/A,,,,,,,,
hsa_circRNA_101717,0.13995028,#N/A,,,,,,,,
hsa_circ_0003221,0.13918166,#N/A,,,,,,,,
circRNA_0086376,0.13857737,#N/A,,,,,,,,
hsa_circ_0013509,0.13779652,#N/A,,,,,,,,
mmu_circ_0000290,0.1371701,#N/A,,,,,,,,
hsa_circRNA_000367,0.13698488,#N/A,,,,,,,,
circPRKCI,0.13695179,#N/A,,,,,,,,
circRNA_0018168,0.13694291,#N/A,,,,,,,,
circSMARC1A,0.13682312,#N/A,,,,,,,,
circARHGAP5,0.13621591,#N/A,,,,,,,,
circRNA_0084927,0.13602944,#N/A,,,,,,,,
hsa_circRNA_103390,0.13588332,#N/A,,,,,,,,
circFAT1,0.13582921,#N/A,,,,,,,,
hsa_circRNA_006411,0.13547672,#N/A,,,,,,,,
hsa_circRNA_404833,0.13538155,#N/A,,,,,,,,
hsa_circRNA_104270,0.13518639,#N/A,,,,,,,,
hsa_circ_0004277,0.1350963,#N/A,,,,,,,,
hsa_circ_0006913,0.13437922,#N/A,,,,,,,,
hsa_circRNA_100433,0.13422789,#N/A,,,,,,,,
hsa_circ_0005941,0.13398568,#N/A,,,,,,,,
hsa_circ_0089231,0.1337803,#N/A,,,,,,,,
hsa_circRNA_000167,0.13336062,#N/A,,,,,,,,
circFAM169A,0.13290083,#N/A,,,,,,,,
hsa_circRNA_401977,0.13237143,#N/A,,,,,,,,
hsa_circ_0005397,0.1308768,#N/A,,,,,,,,
hsa_circ_0018168,0.1308422,#N/A,,,,,,,,
hsa_circ_0086376,0.13020596,#N/A,,,,,,,,
hsa_circRNA_102619,0.13011664,#N/A,,,,,,,,
hsa_circ_0018289,0.12944204,#N/A,,,,,,,,
hsa_circ_0002768,0.12933615,#N/A,,,,,,,,
circRNA-MYLK,0.12894842,#N/A,,,,,,,,
hsa_circ_0087432,0.12843631,#N/A,,,,,,,,
hsa_circ_0001073,0.1277041,#N/A,,,,,,,,
hsa_circ_0075001,0.1267797,#N/A,,,,,,,,
CircDOCK1,0.12654883,#N/A,,,,,,,,
hsa_circ_0011021,0.12577577,#N/A,,,,,,,,
hsa_circ_0078297,0.124809645,#N/A,,,,,,,,
hsa_circ_0091822,0.124178685,#N/A,,,,,,,,
hsa_circ_0041103,0.123809405,#N/A,,,,,,,,
hsa_circ_0000977,0.123188764,#N/A,,,,,,,,
circRNA-000284,0.120654956,#N/A,,,,,,,,
hsa_circ_100721,0.12058332,#N/A,,,,,,,,
hsa_circ_0006988,0.120127596,#N/A,,,,,,,,
hsa_circ_0002024,0.11991156,#N/A,,,,,,,,
hsa_circ_0034912,0.11850582,#N/A,,,,,,,,
circRNA.5333,0.11693951,#N/A,,,,,,,,
circRNA_09585,0.11548515,#N/A,,,,,,,,
circRNA BCRC4,0.11223217,#N/A,,,,,,,,
hsa_circ_102470,0.11084309,#N/A,,,,,,,,
hsa_circ_0000681,0.1090323,#N/A,,,,,,,,
hsa_circ_101222,0.10760731,#N/A,,,,,,,,
circFAM120A,0.10734427,#N/A,,,,,,,,
circRNA_05538,0.107196696,#N/A,,,,,,,,
IQCK,0.10697603,#N/A,,,,,,,,
hsa_circ_0002908,0.10684246,#N/A,,,,,,,,
Circ-ZNF609,0.1058586,#N/A,,,,,,,,
circRNA.22054,0.10552313,#N/A,,,,,,,,
hsa_circ_0063179,0.10545371,#N/A,,,,,,,,
hsa-circRNA11806-28,0.1034979,#N/A,,,,,,,,
hsa_circ_0008797,0.10312986,#N/A,,,,,,,,
hsa_circRNA_102682,0.1030944,#N/A,,,,,,,,
hsa_circ_0108308,0.10224875,#N/A,,,,,,,,
hsa_circRNA_004183,0.10167654,#N/A,,,,,,,,
hsa_circ_0032891,0.10097522,#N/A,,,,,,,,
hsa_circ_0082582,0.10089004,#N/A,,,,,,,,
circRNA_14623,0.10017828,#N/A,,,,,,,,
circRNA.37134,0.09989656,#N/A,,,,,,,,
hsa_circ_0054211,0.099592976,#N/A,,,,,,,,
MCTP1,0.099496804,#N/A,,,,,,,,
hsa_circ_0038374,0.09926552,#N/A,,,,,,,,
MAP4K3,0.09914519,#N/A,,,,,,,,
DTNA,0.099044904,#N/A,,,,,,,,
hsa_circ_103783,0.09874784,#N/A,,,,,,,,
hsa_circ_0029601,0.0981001,#N/A,,,,,,,,
hsa_circ_0005442,0.097935386,#N/A,,,,,,,,
hsa_circ_0000414,0.09787231,#N/A,,,,,,,,
circRNA_00074,0.09773299,#N/A,,,,,,,,
circRNA.1030,0.09766559,#N/A,,,,,,,,
hsa-circRNA11783-2,0.09760804,#N/A,,,,,,,,
circRNA_09993,0.09755473,#N/A,,,,,,,,
hsa_circ_0005218,0.09755401,#N/A,,,,,,,,
circCRIM1,0.09697759,#N/A,,,,,,,,
circRNA_13478,0.09661001,#N/A,,,,,,,,
hsa_circ_102533 ,0.09555344,#N/A,,,,,,,,
circRNA.33299,0.09471318,#N/A,,,,,,,,
hsa_circ_001598,0.09468077,#N/A,,,,,,,,
hsa_circRNA_104820,0.093792066,#N/A,,,,,,,,
hsa_circ_0002362,0.093777396,#N/A,,,,,,,,
EFCAB11,0.09323263,#N/A,,,,,,,,
hsa-circRNA6510-1,0.09317597,#N/A,,,,,,,,
hsa_circ_0018508,0.08962321,#N/A,,,,,,,,
hsa_circ_0005540,0.08860153,#N/A,,,,,,,,
circRNA.20159,0.08696117,#N/A,,,,,,,,
hsa_circRNA_101720,0.085860476,#N/A,,,,,,,,
mm9_circ_007585,0.08572455,#N/A,,,,,,,,
hsa_circ_101396,0.085590415,#N/A,,,,,,,,
circRNA_004772,0.084123455,#N/A,,,,,,,,
mm9_circ_002279,0.083733656,#N/A,,,,,,,,
mm9_circ_008472,0.082475215,#N/A,,,,,,,,
circRNA_008472,0.08089309,#N/A,,,,,,,,
hsa_circRNA_100914,0.08081047,#N/A,,,,,,,,
circFUT8,0.080755785,#N/A,,,,,,,,
mm9_circ_012164,0.07992723,#N/A,,,,,,,,
mm9_circ_004772,0.07960822,#N/A,,,,,,,,
hsa_circRNA_103847,0.07955117,#N/A,,,,,,,,
hsa_circ_0050898,0.07945539,#N/A,,,,,,,,
circIPO11,0.07882921,#N/A,,,,,,,,
Chr9: 74522734,0.07863528,#N/A,,,,,,,,
hsa_circ_0005273,0.07850771,#N/A,,,,,,,,
circRNA_002279,0.078104086,#N/A,,,,,,,,
mmu_circ_0001351,0.07782354,#N/A,,,,,,,,
circRNA_012164,0.07738683,#N/A,,,,,,,,
hsa_circ_0002078,0.077360734,#N/A,,,,,,,,
hsa_circ_0113854,0.076871306,#N/A,,,,,,,,
hsa_circ_0023903,0.07666589,#N/A,,,,,,,,
hsa_circ_10072088,0.07660271,#N/A,,,,,,,,
mmu_circ_0001046,0.076563306,#N/A,,,,,,,,
hsa_circ_0002113,0.07634707,#N/A,,,,,,,,
circRNA_007585,0.07491433,#N/A,,,,,,,,
hsa_circ_0124644,0.07481395,#N/A,,,,,,,,
hsa_circ_0007915,0.074493356,#N/A,,,,,,,,
hsa_circ_0068087,0.07404497,#N/A,,,,,,,,
mm9_circ_002581,0.07368932,#N/A,,,,,,,,
hsa_circ_0098964,0.07330125,#N/A,,,,,,,,
circRNA_002581,0.072707325,#N/A,,,,,,,,
hsa_circRNA_103343,0.072155416,#N/A,,,,,,,,
hsa_circRNA_050898,0.072002925,#N/A,,,,,,,,
hsa_circ_0003028,0.07187097,#N/A,,,,,,,,
hsa_circ_0054633,0.071097314,#N/A,,,,,,,,
hsa_circ_0001212,0.07055655,#N/A,,,,,,,,
circZFR,0.07054934,#N/A,,,,,,,,
hsa_circRNA_101368,0.0702618,#N/A,,,,,,,,
hsa_circ_0002569,0.07000165,#N/A,,,,,,,,
hsa_circRNA_067209,0.069873504,#N/A,,,,,,,,
hsa-circRNA5974-1,0.06946639,#N/A,,,,,,,,
hsa_circRNA_102049,0.0690354,#N/A,,,,,,,,
hsa_circ_0002260,0.06842207,#N/A,,,,,,,,
mmu_circRNA_012180,0.06831744,#N/A,,,,,,,,
hsa_circ_0024108,0.068098485,#N/A,,,,,,,,
hsa_circ_0082081,0.06738204,#N/A,,,,,,,,
hsa_circRNA_002271,0.06732034,#N/A,,,,,,,,
circANRIL,0.06715859,#N/A,,,,,,,,
hsa_circ_0036722,0.0663912,#N/A,,,,,,,,
hsa_circ_0075829,0.06623517,#N/A,,,,,,,,
hsa_circ_0002343,0.06594744,#N/A,,,,,,,,
mmu_circRNA_003540,0.0658294,#N/A,,,,,,,,
hsa_circ_0058107,0.06576958,#N/A,,,,,,,,
hsa_circ_0069399,0.06575287,#N/A,,,,,,,,
hsa_circ_0058106,0.065726854,#N/A,,,,,,,,
cANRIL,0.065440945,#N/A,,,,,,,,
hsa_circ_0001187,0.065202065,#N/A,,,,,,,,
hsa_circ_0007928,0.065187044,#N/A,,,,,,,,
hsa_circRNA_104634,0.06484823,#N/A,,,,,,,,
mmu_circRNA_017963,0.06482183,#N/A,,,,,,,,
hsa_circ_0001189,0.06477911,#N/A,,,,,,,,
hsa_circ_0005525,0.06466087,#N/A,,,,,,,,
mmu_circRNA_013699,0.06462753,#N/A,,,,,,,,
mmu_circRNA_006229,0.06432587,#N/A,,,,,,,,
hsa_circ_0067209,0.06412859,#N/A,,,,,,,,
hsa_circ_0004372,0.06410872,#N/A,,,,,,,,
hsa_circ_0005912,0.063416764,#N/A,,,,,,,,
hsa_circ_0008844,0.0633137,#N/A,,,,,,,,
hsa_circ_0079929,0.06298655,#N/A,,,,,,,,
hsa_circ_0062557,0.06296971,#N/A,,,,,,,,
hsa_circ_0002271,0.06284992,#N/A,,,,,,,,
hsa_circ_0079385,0.06252343,#N/A,,,,,,,,
mmu_circRNA_006173,0.062505364,#N/A,,,,,,,,
hsa_circ_0055377,0.062340304,#N/A,,,,,,,,
hsa circ 0031288,0.06222,#N/A,,,,,,,,
hsa_circRNA_104349,0.06219833,#N/A,,,,,,,,
hsa_circ_0008732,0.062077228,#N/A,,,,,,,,
hsa_circ_0067175,0.061295014,#N/A,,,,,,,,
hsa_circRNA_103458,0.061047185,#N/A,,,,,,,,
hsa_circ_0084615,0.060955867,#N/A,,,,,,,,
hsa_circRNA_005525,0.06076226,#N/A,,,,,,,,
hsa_circ_0043138,0.06041827,#N/A,,,,,,,,
hsa_circRNA_102683,0.06039234,#N/A,,,,,,,,
circ_0002198,0.060388528,#N/A,,,,,,,,
circPABPN1,0.060297087,#N/A,,,,,,,,
hsa_circ_0023984,0.06005312,#N/A,,,,,,,,
hsa_circRNA_101238,0.060031377,#N/A,,,,,,,,
circ_0004712,0.059521616,#N/A,,,,,,,,
hsa_circ_0003575,0.059500884,#N/A,,,,,,,,
hsa_circ_0002198,0.05945995,#N/A,,,,,,,,
hsa_circRNA_051239,0.05925528,#N/A,,,,,,,,
hsa_circRNA_100933,0.05892484,#N/A,,,,,,,,
hsa_circ_0000673,0.0588849,#N/A,,,,,,,,
hsa_circ_0026143,0.05878638,#N/A,,,,,,,,
hsa_circ_0003258,0.058570698,#N/A,,,,,,,,
hsa_circRNA_102771,0.058338847,#N/A,,,,,,,,
mmu_circ_0001544,0.05818134,#N/A,,,,,,,,
hsa_circ_0023115,0.058110688,#N/A,,,,,,,,
hsa_circ_0051239,0.057936788,#N/A,,,,,,,,
hsa_circRNA_104310,0.05790157,#N/A,,,,,,,,
hsa_circRNA_102039,0.05781274,#N/A,,,,,,,,
circZC3H4,0.05766159,#N/A,,,,,,,,
mm9_circ_002888,0.05761983,#N/A,,,,,,,,
hsa_circ_0070934,0.057403415,#N/A,,,,,,,,
hsa_circRNA_100709,0.057378832,#N/A,,,,,,,,
mmu_circ_0000375,0.05732757,#N/A,,,,,,,,
hsa_circ_0001955,0.056998577,#N/A,,,,,,,,
hsa_circRNA_102116,0.056970492,#N/A,,,,,,,,
hsa_circ_103736,0.05681913,#N/A,,,,,,,,
hsa_circ_0070933,0.056724165,#N/A,,,,,,,,
hsa_circ_101555,0.05670108,#N/A,,,,,,,,
hsa_circ_103737,0.05662231,#N/A,,,,,,,,
circHECTD1,0.056577485,#N/A,,,,,,,,
hsa_circRNA_103110,0.045347027,#N/A,,,,,,,,
circPTK2,0.04465701,#N/A,,,,,,,,
circBC048201,0.043999914,#N/A,,,,,,,,
rno_circRNA_010913,0.030222805,#N/A,,,,,,,,
rno_circRNA_35215,0.01933009,#N/A,,,,,,,,
rno_circRNA_008973,0.01843802,#N/A,,,,,,,,
rno_circRNA_007419,0.017321184,#N/A,,,,,,,,
rno_circRNA_008646,0.0172975,#N/A,,,,,,,,
rno_circRNA_011111,0.016826918,#N/A,,,,,,,,
rno_circRNA_005564 ,0.01662709,#N/A,,,,,,,,
hsa_circ_001988,0.013367104,#N/A,,,,,,,,
rno_circRNA_007512,0.012596271,#N/A,,,,,,,,
circABCC,0.012249523,#N/A,,,,,,,,
hsa_circ_0082333,0.012229958,#N/A,,,,,,,,
rno_circRNA_013779,0.011522869,#N/A,,,,,,,,
hsa_circ_0020397,0.011034766,#N/A,,,,,,,,
rno_circRNA_011426,0.009242089,#N/A,,,,,,,,
hsa_circ_001569,0.009193207,#N/A,,,,,,,,
hsa_circ_000984,0.008980598,#N/A,,,,,,,,
circ6229,0.008300609,#N/A,,,,,,,,
circ3204,0.008123118,#N/A,,,,,,,,
hsa_circ_0084021,0.007946409,#N/A,,,,,,,,
mmu_circRNA_30664,0.007490745,#N/A,,,,,,,,
rno_circRNA_010489,0.007168023,#N/A,,,,,,,,
hsa_circ_0000677,0.006632565,#N/A,,,,,,,,
circ-BANP,0.006479255,#N/A,,,,,,,,
hsa_circ_0000069,0.006231947,#N/A,,,,,,,,
circ7780,0.006064747,#N/A,,,,,,,,
hsa_circ_0000504,0.006030926,#N/A,,,,,,,,
mmu_circRNA_19423,0.005706435,#N/A,,,,,,,,
circRNA_000695,0.005624048,#N/A,,,,,,,,
circ7374,0.005425904,#N/A,,,,,,,,
circRNA_100984,0.005078885,#N/A,,,,,,,,
hsa_circ_0008509,0.004925452,#N/A,,,,,,,,
hsa_circ_0048232,0.004905904,#N/A,,,,,,,,
hsa_circ_0014879,0.004858464,#N/A,,,,,,,,
hsa_circ_0001724,0.004809607,#N/A,,,,,,,,
circ-KLDHC10,0.004752263,#N/A,,,,,,,,
hsa_circRNA_104700,0.004324298,#N/A,,,,,,,,
hsa_circ_0032832,0.004318779,#N/A,,,,,,,,
hsa_circ_0074930,0.004314045,#N/A,,,,,,,,
circ0817,0.004155567,#N/A,,,,,,,,
hsa_circ_0000567,0.003950807,#N/A,,,,,,,,
circRNA_101419,0.003427926,#N/A,,,,,,,,
hsa_circ_0007006,0.003315716,#N/A,,,,,,,,
hsa_circ_0001451,0.003244739,#N/A,,,,,,,,
hsa_circ_0007031,0.003170702,#N/A,,,,,,,,
hsa_circ_0006174,0.003123653,#N/A,,,,,,,,
circRNA_101877,0.003088717,#N/A,,,,,,,,
hsa_circ_0000554,0.002598569,#N/A,,,,,,,,
circRNA0003906,0.002232544,#N/A,,,,,,,,
hsa_circ_0089974,0.002202368,#N/A,,,,,,,,
circRNA_104983,0.00215616,#N/A,,,,,,,,
circRNA_001059,0.00208419,#N/A,,,,,,,,
circRNA_102913,0.00199956,#N/A,,,,,,,,
hsa_circ_0004519,0.001978132,#N/A,,,,,,,,
hsa_circ_0001336,0.001707167,#N/A,,,,,,,,
circRNA7675,0.001633878,#N/A,,,,,,,,
circRNA7535,0.001587218,#N/A,,,,,,,,
circRNA_000167,0.001262011,#N/A,,,,,,,,
circRNA_100367,0.001180261,#N/A,,,,,,,,
hsa_circ_0002019,0.001024689,#N/A,,,,,,,,
circRNA3707,0.001015105,#N/A,,,,,,,,
circRNA9658,0.000857523,#N/A,,,,,,,,
circRNA5669,0.000796672,#N/A,,,,,,,,
circRNA904,0.000796406,#N/A,,,,,,,,
circRNA9652,0.000745863,#N/A,,,,,,,,
circRNA8506,0.000706245,#N/A,,,,,,,,
circRNA8505,0.000688241,#N/A,,,,,,,,
circRNA7679,0.000649393,#N/A,,,,,,,,
circRNA3594,0.000608406,#N/A,,,,,,,,
circRNA120,0.000599436,#N/A,,,,,,,,
circRNA3341,0.000594587,#N/A,,,,,,,,
circRNA378,0.000587443,#N/A,,,,,,,,
circRNA2918,0.000544489,#N/A,,,,,,,,
circRNA167,0.00054266,#N/A,,,,,,,,
circRNA7534,0.000533086,#N/A,,,,,,,,
circRNA7674,0.00053304,#N/A,,,,,,,,
circRNA4628,0.00052053,#N/A,,,,,,,,
circRNA7673,0.000520143,#N/A,,,,,,,,
circRNA8507,0.000483746,#N/A,,,,,,,,
circRNA9227,0.000464344,#N/A,,,,,,,,
circRNA7536,0.000451796,#N/A,,,,,,,,
circRNA9777,0.00044006,#N/A,,,,,,,,
circRNA3703,0.00042177,#N/A,,,,,,,,
hsa_circ_0014717,0.000415189,#N/A,,,,,,,,
circRNA666,0.000404334,#N/A,,,,,,,,
circRNA9771,0.000393024,#N/A,,,,,,,,
circRNA7537,0.000364013,#N/A,,,,,,,,
circRNA3706,0.000325719,#N/A,,,,,,,,
hsa_circ_0004771,0.000304728,#N/A,,,,,,,,
circRNA7676,0.000286897,#N/A,,,,,,,,
hsa_circ_0043497,0.000224712,#N/A,,,,,,,,
hsa_circRNA_104296,0.000197667,#N/A,,,,,,,,
hsa_circRNA_001937,0.000188734,#N/A,,,,,,,,
circRNA9671,0.000180042,#N/A,,,,,,,,
hsa_circ_0030569,0.000179617,#N/A,,,,,,,,
hsa_circ_0030045,0.000166349,#N/A,,,,,,,,
hsa_circ_0001417,0.000157556,#N/A,,,,,,,,
hsa_circRNA_009024,0.000134971,#N/A,,,,,,,,
hsa_circ_0001204 ,0.000132131,#N/A,,,,,,,,
circRNA9656,0.000107984,#N/A,,,,,,,,
hsa_ circRNA_005086,0.000103582,#N/A,,,,,,,,
hsa_circRNA_104964,0.000101675,#N/A,,,,,,,,
hsa_circRNA_104268,9.11E-05,#N/A,,,,,,,,
hsa_circRNA_101356,8.62E-05,#N/A,,,,,,,,
hsa_circRNA_103307,7.22E-05,#N/A,,,,,,,,
hsa_circRNA_102101,7.04E-05,#N/A,,,,,,,,
hsa_circ_0000516,6.87E-05,#N/A,,,,,,,,
hsa_circRNA_104433,5.24E-05,#N/A,,,,,,,,
hsa_circ_0078738,5.10E-05,#N/A,,,,,,,,
hsa_circ_0002111,5.08E-05,#N/A,,,,,,,,
hsa_circ_0004458,4.96E-05,#N/A,,,,,,,,
hsa_circ_0067103,4.79E-05,#N/A,,,,,,,,
hsa_circ_0079891,4.58E-05,#N/A,,,,,,,,
hsa_circRNA_400064,4.49E-05,#N/A,,,,,,,,
hsa_circ_0015278,4.37E-05,#N/A,,,,,,,,
hsa_circ_0007534,4.36E-05,#N/A,,,,,,,,
hsa_circRNA_104348,4.36E-05,#N/A,,,,,,,,
hsa_circ_0081342,4.26E-05,#N/A,,,,,,,,
hsa_circ_0092315,4.25E-05,#N/A,,,,,,,,
hsa_circRNA_104595,4.17E-05,#N/A,,,,,,,,
hsa_circRNA_103454,3.93E-05,#N/A,,,,,,,,
hsa_circRNA_001379,3.85E-05,#N/A,,,,,,,,
hsa_circRNA_104565,3.51E-05,#N/A,,,,,,,,
hsa_circ_0003505,3.38E-05,#N/A,,,,,,,,
hsa_circRNA_102002,3.29E-05,#N/A,,,,,,,,
hsa_circ_0064557,2.92E-05,#N/A,,,,,,,,
hsa_circRNA_100777,2.50E-05,#N/A,,,,,,,,
hsa_circRNA_105038,2.48E-05,#N/A,,,,,,,,
hsa_circRNA_100395,2.37E-05,#N/A,,,,,,,,
hsa_circ_0091894,2.31E-05,#N/A,,,,,,,,
hsa_circRNA_104566,2.30E-05,#N/A,,,,,,,,
hsa_circ_0008016,2.01E-05,#N/A,,,,,,,,
hsa_circ_0004846,1.85E-05,#N/A,,,,,,,,
hsa_circ_0021553,1.74E-05,#N/A,,,,,,,,
circETFA,4.78E-06,#N/A,,,,,,,,
hsa_circ_0000911,4.37E-06,#N/A,,,,,,,,
hsa_circ_0068033,4.34E-06,#N/A,,,,,,,,
hsa_circ_0004214,3.74E-06,#N/A,,,,,,,,
hsa_circ_0001875,3.20E-06,#N/A,,,,,,,,
hsa_circ_103110,2.95E-06,#N/A,,,,,,,,
hsa_circ_0092276,2.78E-06,#N/A,,,,,,,,
circMED13,2.72E-06,#N/A,,,,,,,,
hsa_circ_0003838,2.70E-06,#N/A,,,,,,,,
hsa_circ_0108942,2.36E-06,#N/A,,,,,,,,
hsa_circ_0018293,2.30E-06,#N/A,,,,,,,,
hsa_circ_100219,2.27E-06,#N/A,,,,,,,,
hsa_circ_0001824,2.23E-06,#N/A,,,,,,,,
circOLA,2.12E-06,#N/A,,,,,,,,
hsa_circ_104689,2.10E-06,#N/A,,,,,,,,
hsa_circ_0093859,2.09E-06,#N/A,,,,,,,,
hsa_circ_0006054,2.09E-06,#N/A,,,,,,,,
circBRIP,2.06E-06,#N/A,,,,,,,,
hsa_circ_0001982,1.96E-06,#N/A,,,,,,,,
hsa_circ_0004619,1.89E-06,#N/A,,,,,,,,
circDENND4C,1.81E-06,#N/A,,,,,,,,
circRNA-001283,1.74E-06,#N/A,,,,,,,,
hsa_circ_0001785,1.68E-06,#N/A,,,,,,,,
hsa_circ_0008717,1.65E-06,#N/A,,,,,,,,
hsa_circ_0011946,1.63E-06,#N/A,,,,,,,,
hsa_circ_0000732,1.57E-06,#N/A,,,,,,,,
hsa_circ_0001721,1.55E-06,#N/A,,,,,,,,
circABCB10,1.53E-06,#N/A,,,,,,,,
hsa_circ_0086241,1.53E-06,#N/A,,,,,,,,
hsa_circ_0000981,1.52E-06,#N/A,,,,,,,,
hsa_circ_0000893,1.50E-06,#N/A,,,,,,,,
hsa_circ_0006528,1.45E-06,#N/A,,,,,,,,
circRNA-001175,1.44E-06,#N/A,,,,,,,,
circAmotl1,1.41E-06,#N/A,,,,,,,,
MCF7_circ_000595,1.39E-06,#N/A,,,,,,,,
hsa_circ_104821,1.33E-06,#N/A,,,,,,,,
hsa_circ_0032821,1.22E-06,#N/A,,,,,,,,
hsa_circ_0058246,1.17E-06,#N/A,,,,,,,,
hsa_circ_0001667,1.16E-06,#N/A,,,,,,,,
hsa_circ_0008945,1.14E-06,#N/A,,,,,,,,
hsa_circ_0001283,1.13E-06,#N/A,,,,,,,,
hsa_circ_406697,1.11E-06,#N/A,,,,,,,,
circRNA-000911,1.09E-06,#N/A,,,,,,,,
hsa_circ_0085495,1.05E-06,#N/A,,,,,,,,
hsa_circ_0002874,1.05E-06,#N/A,,,,,,,,
hsa_circ_0001017,9.43E-07,#N/A,,,,,,,,
hsa_circ_0000098,9.39E-07,#N/A,,,,,,,,
hsa_circ_002059,9.19E-07,#N/A,,,,,,,,
hsa_circ_0076305,9.16E-07,#N/A,,,,,,,,
circBCL11B,7.92E-07,#N/A,,,,,,,,
hsa_circRNA_104423,7.57E-07,#N/A,,,,,,,,
hsa_circ_006054,7.44E-07,#N/A,,,,,,,,
circRNA-100438,7.39E-07,#N/A,,,,,,,,
circVRK1,7.24E-07,#N/A,,,,,,,,
hsa_circ_0005927,6.23E-07,#N/A,,,,,,,,
hsa_circ_0085553,6.16E-07,#N/A,,,,,,,,
hsa_circ_0003159,5.95E-07,#N/A,,,,,,,,
hsa_circRNA_400071,5.74E-07,#N/A,,,,,,,,
hsa_circ_0000144,5.38E-07,#N/A,,,,,,,,
Fusion-circRNAs,4.90E-07,#N/A,,,,,,,,
hsa_circ_0000190,4.85E-07,#N/A,,,,,,,,
hsa_circRNA_001959,4.73E-07,#N/A,,,,,,,,
hsa_circRNA_100269,4.72E-07,#N/A,,,,,,,,
hsa_circ_0000181,4.37E-07,#N/A,,,,,,,,
circ-ZFR,4.15E-07,#N/A,,,,,,,,
hsa_circ_0069131,4.14E-07,#N/A,,,,,,,,
circRNA0138960,3.97E-07,#N/A,,,,,,,,
hsa_circ_0076304,3.92E-07,#N/A,,,,,,,,
hsa_circRNA_000543,3.86E-07,#N/A,,,,,,,,
circ-SHKBP1,3.79E-07,#N/A,,,,,,,,
circRNA_100269,3.77E-07,#N/A,,,,,,,,
circRNA0047905,3.71E-07,#N/A,,,,,,,,
hsa_circRNA_104916,3.59E-07,#N/A,,,,,,,,
hsa_circ_000760,3.48E-07,#N/A,,,,,,,,
hsa_circ_0006633,3.43E-07,#N/A,,,,,,,,
hsa_circ_0001561,3.42E-07,#N/A,,,,,,,,
hsa_circRNA_101308,3.40E-07,#N/A,,,,,,,,
hsa_circRNA_400066,3.32E-07,#N/A,,,,,,,,
Circ_CRKL,3.25E-07,#N/A,,,,,,,,
Circ_VCAN,3.15E-07,#N/A,,,,,,,,
f-circRNA(f-circPRï¼_-circM9),3.15E-07,#N/A,,,,,,,,
hsa_circ_0061274,3.04E-07,#N/A,,,,,,,,
hsa_circ_0085616,2.95E-07,#N/A,,,,,,,,
Circ_MAN1A2,2.90E-07,#N/A,,,,,,,,
hsa_circ_0092341,2.75E-07,#N/A,,,,,,,,
hsa_circ_0091742,2.69E-07,#N/A,,,,,,,,
hsa_circ_0000026,2.53E-07,#N/A,,,,,,,,
Circ_CEP192,2.52E-07,#N/A,,,,,,,,
Circ-104916,2.49E-07,#N/A,,,,,,,,
circLARP4,2.46E-07,#N/A,,,,,,,,
Circ_R3HDM1,2.42E-07,#N/A,,,,,,,,
hsa_circ_0000745,2.39E-07,#N/A,,,,,,,,
hsa_circ_0089548,2.38E-07,#N/A,,,,,,,,
hsa_circ_0006022,2.34E-07,#N/A,,,,,,,,
hsa_circ_0035431,2.20E-07,#N/A,,,,,,,,
hsa_circ_0074362,2.16E-07,#N/A,,,,,,,,
hsa_circ_0138960,2.14E-07,#N/A,,,,,,,,
hsa_circ_0006127,2.12E-07,#N/A,,,,,,,,
Circ_STXBP5L,2.07E-07,#N/A,,,,,,,,
Circ_ETFA,2.03E-07,#N/A,,,,,,,,
hsa_circ_0001895,2.02E-07,#N/A,,,,,,,,
Circ_CORO1C,1.95E-07,#N/A,,,,,,,,
Circ_SLC8A1,1.91E-07,#N/A,,,,,,,,
circTTBK2,1.88E-07,#N/A,,,,,,,,
Circ_ADCY1,1.85E-07,#N/A,,,,,,,,
circPRRC2B,1.82E-07,#N/A,,,,,,,,
hsa_circ_0003707,1.80E-07,#N/A,,,,,,,,
hsa_circ_0047905,1.80E-07,#N/A,,,,,,,,
hsa_circRNA_001066,1.76E-07,#N/A,,,,,,,,
hsa_circ_0031979,1.74E-07,#N/A,,,,,,,,
hsa_circ_0061276,1.71E-07,#N/A,,,,,,,,
Circ_EML5,1.70E-07,#N/A,,,,,,,,
hsa_circ_0000140,1.63E-07,#N/A,,,,,,,,
hsa_circRNA_000792,1.62E-07,#N/A,,,,,,,,
has-circRNA7690-15,1.57E-07,#N/A,,,,,,,,
Circ_MCTP1,1.56E-07,#N/A,,,,,,,,
hsa_circ_0000594,1.54E-07,#N/A,,,,,,,,
hsa_circ_0005529,1.50E-07,#N/A,,,,,,,,
Circ_UNC79,1.43E-07,#N/A,,,,,,,,
cZNF292,1.42E-07,#N/A,,,,,,,,
Circ_ZNF148,1.31E-07,#N/A,,,,,,,,
Circ_RIMS1,1.28E-07,#N/A,,,,,,,,
Circ_MED12L,1.21E-07,#N/A,,,,,,,,
Circ_SMARCA5,1.19E-07,#N/A,,,,,,,,
circ-FBXW7,1.17E-07,#N/A,,,,,,,,
Circ_ERC1,1.17E-07,#N/A,,,,,,,,
Circ_RNF10,1.04E-07,#N/A,,,,,,,,
hsa_circ_0004383,1.04E-07,#N/A,,,,,,,,
Circ_KCNN2,1.02E-07,#N/A,,,,,,,,
Circ_HIPK3,9.98E-08,#N/A,,,,,,,,
Circ_BEND6,9.76E-08,#N/A,,,,,,,,
Circ_FKBP8,9.07E-08,#N/A,,,,,,,,
hsa_circ_0046701,6.64E-08,#N/A,,,,,,,,
Circ_SAFB2,6.00E-08,#N/A,,,,,,,,